165025,20/02/2013 00:00,7.02,121,4.31,6.92,3.7
165026,20/02/2013 00:10,6.9,119.6,4.56,6.72,3.7
165027,20/02/2013 00:20,7.02,127.5,4.54,7.48,3.7
165028,20/02/2013 00:30,6.91,120.4,3.6,6.3,3.7
165029,20/02/2013 00:40,6.98,126.2,4.56,6.59,3.7
165030,20/02/2013 00:50,6.99,122.5,4.72,7.61,3.7
165031,20/02/2013 01:00,7.08,125.5,4.22,7.48,3.7
165032,20/02/2013 01:10,6.92,130.5,4.62,7.35,3.7
165033,20/02/2013 01:20,6.96,128.1,4.49,6.89,3.7
165034,20/02/2013 01:30,6.89,134.9,4.62,6.89,3.7
165035,20/02/2013 01:40,6.89,136.8,4.7,7.18,3.7
165036,20/02/2013 01:50,6.86,138,5.5,7.8,3.7
165037,20/02/2013 02:00,6.87,140.8,4.79,7.54,3.7
165038,20/02/2013 02:10,6.73,147.7,4.03,6.99,3.7
165039,20/02/2013 02:20,6.72,143.7,3.91,6.56,3.7
165040,20/02/2013 02:30,6.73,153.4,4.93,10.52,3.7
165041,20/02/2013 02:40,6.69,150.3,5.69,9.7,3.7
165042,20/02/2013 02:50,6.79,138.3,5.93,10,3.7
165043,20/02/2013 03:00,7.07,127.8,5.79,9.51,3.7
165044,20/02/2013 03:10,7.67,132.5,2.66,9.24,3.7
165045,20/02/2013 03:20,6,108.5,3.07,7.08,3.7
165046,20/02/2013 03:30,6.4,131.8,1.65,3.82,3.7
165047,20/02/2013 03:40,7.11,152.9,4.06,10.62,3.7
165048,20/02/2013 03:50,6.55,107.9,4.69,8.23,3.7
165049,20/02/2013 04:00,7.01,104.5,2.73,6.46,3.7
165050,20/02/2013 04:10,6.75,151.3,4.27,9.7,3.7
165051,20/02/2013 04:20,6.77,144.9,5.77,9.6,3.7
165052,20/02/2013 04:30,6.81,156,6.36,10.55,3.7
165053,20/02/2013 04:40,6.97,153.4,7.39,11.69,3.7
165054,20/02/2013 04:50,6.96,146.4,6.51,10.16,3.7
165055,20/02/2013 05:00,6.89,150.5,6.02,10.36,3.7
165056,20/02/2013 05:10,6.87,149.7,6.22,10.32,3.7
165057,20/02/2013 05:20,7.02,144.5,7.15,12.35,3.7
165058,20/02/2013 05:30,7.01,129.5,7.33,13.13,3.7
165059,20/02/2013 05:40,7.47,82.6,5.85,11.89,3.7
165060,20/02/2013 05:50,7.56,342.6,2.59,5.52,3.7
165061,20/02/2013 06:00,7.26,254.4,2.98,4.5,3.7
165062,20/02/2013 06:10,7.28,255.7,3.26,5.68,3.7
165063,20/02/2013 06:20,7.18,222.5,3.93,6.63,3.7
165064,20/02/2013 06:30,6.57,183.8,5.67,9.51,3.7
165065,20/02/2013 06:40,6.56,175.6,2.22,6.76,3.7
165066,20/02/2013 06:50,6.48,199.6,1.47,3.36,3.7
165067,20/02/2013 07:00,6.6,308.4,0.99,3.13,3.7
165068,20/02/2013 07:10,6.93,159.4,3.13,9.57,3.7
165069,20/02/2013 07:20,6.36,148.1,7.4,11.27,3.7
165070,20/02/2013 07:30,6.93,125.7,6.52,9.08,3.7
165071,20/02/2013 07:40,6.55,112.8,3.72,5.48,3.7
165072,20/02/2013 07:50,7.09,130.6,3.97,7.7,3.7
165073,20/02/2013 08:00,7.14,136.8,6.52,10.68,3.7
165074,20/02/2013 08:10,7.23,133.1,5.38,8.56,3.7
165075,20/02/2013 08:20,6.76,133,5.67,8.46,3.7
165076,20/02/2013 08:30,6.79,135.5,6.9,10.16,3.7
165077,20/02/2013 08:40,6.79,129,7.3,11.34,3.7
165078,20/02/2013 08:50,6.96,125.4,6.97,10.75,3.7
165079,20/02/2013 09:00,6.83,121.5,6.25,9.47,3.7
165080,20/02/2013 09:10,6.83,119.2,5.22,7.9,13.1
165081,20/02/2013 09:20,6.6,125.1,5.77,8.4,13.1
165082,20/02/2013 09:30,6.57,131.2,5.44,8.56,13.1
165083,20/02/2013 09:40,6.58,140.9,5.99,9.8,13.1
165084,20/02/2013 09:50,6.31,93.6,4.19,8.26,13.1
165085,20/02/2013 10:00,6.67,85.4,5.34,10.94,13.1
165086,20/02/2013 10:10,7.62,118.7,8.75,14.21,13.1
165087,20/02/2013 10:20,7.49,122.2,9.27,14.83,13.1
165088,20/02/2013 10:30,7.57,123.1,8.76,12.51,13.1
165089,20/02/2013 10:40,7.55,129.1,9.43,12.9,13.1
165090,20/02/2013 10:50,7.59,125.5,8.1,12.35,13.1
165091,20/02/2013 11:00,7.58,130.4,8.27,13.03,13.1
165092,20/02/2013 11:10,7.54,128.8,8.17,11.17,13.1
165093,20/02/2013 11:20,7.48,130.6,7.89,11.96,13.1
165094,20/02/2013 11:30,7.53,129.8,8.18,11.79,13.1
165095,20/02/2013 11:40,7.59,130.8,7.04,9.96,13.1
165096,20/02/2013 11:50,7.45,134.2,6.93,10.09,13.1
165097,20/02/2013 12:00,7.42,132.2,6.67,9.54,13.1
165098,20/02/2013 12:10,7.38,128.1,7.1,10.32,13.1
165099,20/02/2013 12:20,7.46,128.9,6.79,10.36,13.1
165100,20/02/2013 12:30,7.52,130.6,6.6,9.73,13.1
165101,20/02/2013 12:40,7.47,133.2,6.39,9.18,13.1
165102,20/02/2013 12:50,7.26,133.1,6.29,10.06,13.1
165103,20/02/2013 13:00,7.25,128.9,6.4,10.09,13.1
165104,20/02/2013 13:10,7.23,124,6.09,9.15,13.1
165105,20/02/2013 13:20,7.4,125.5,5.92,8.85,13.1
165106,20/02/2013 13:30,7.46,127.6,6.33,9.47,13.1
165107,20/02/2013 13:40,7.53,127.6,6.41,9.31,13.1
165108,20/02/2013 13:50,7.6,132.1,6.24,10.29,13.1
165109,20/02/2013 14:00,7.59,131.4,5.92,8.89,13.1
165110,20/02/2013 14:10,7.7,131,6.07,8.49,13.1
165111,20/02/2013 14:20,7.7,126.4,6.02,8.95,13.1
165112,20/02/2013 14:30,7.67,136,6.17,9.21,13.1
165113,20/02/2013 14:40,7.64,135.6,5.27,8.3,13.1
165114,20/02/2013 14:50,7.56,133.3,4.9,7.77,13.1
165115,20/02/2013 15:00,7.67,129.9,5.74,9.24,13.1
165116,20/02/2013 15:10,7.67,132.2,5.51,8.72,13.1
165117,20/02/2013 15:20,7.63,128,5.56,8.92,13.1
165118,20/02/2013 15:30,7.71,131.2,4.59,7.74,13.1
165119,20/02/2013 15:40,7.79,134.4,5.14,7.05,13.1
165120,20/02/2013 15:50,7.66,131.7,4.71,6.46,13.1
165121,20/02/2013 16:00,7.51,129.7,5.11,7.8,13.1
165122,20/02/2013 16:10,7.42,117.6,4.08,6.23,13.1
165123,20/02/2013 16:20,7.5,119.5,3.96,6.23,13.1
165124,20/02/2013 16:30,7.56,118.2,4.14,5.91,13.1
165125,20/02/2013 16:40,7.56,122.4,3.78,5.84,13.1
165126,20/02/2013 16:50,7.67,128.1,4.72,6.79,13.1
165127,20/02/2013 17:00,7.69,129.7,4.42,6.4,13.1
165128,20/02/2013 17:10,7.71,131.6,4.14,6.27,13.1
165129,20/02/2013 17:20,7.71,132.2,4.2,6.5,13.1
165130,20/02/2013 17:30,7.64,129.7,3.79,5.81,13.1
165131,20/02/2013 17:40,7.67,129.5,4.42,6.27,13.1
165132,20/02/2013 17:50,7.57,123.2,4.07,6.1,13.1
165133,20/02/2013 18:00,7.57,131.8,3.76,5.35,13.1
165134,20/02/2013 18:10,7.52,133.8,3.41,5.78,13.1
165135,20/02/2013 18:20,7.46,127.7,3.4,5.22,13.1
165136,20/02/2013 18:30,7.47,128.5,3.89,5.91,13.1
165137,20/02/2013 18:40,7.54,128.7,3.37,5.29,13.1
165138,20/02/2013 18:50,7.6,130.1,4.15,6.17,13.1
165139,20/02/2013 19:00,7.6,131.4,3.81,5.78,13.1
165140,20/02/2013 19:10,7.56,129.5,3.93,5.74,13.1
165141,20/02/2013 19:20,7.57,130.3,4.14,6.01,13.1
165142,20/02/2013 19:30,7.48,133.9,3.87,5.29,13.1
165143,20/02/2013 19:40,7.48,131,3.86,5.88,13.1
165144,20/02/2013 19:50,7.5,128.5,3.92,5.88,13.1
165145,20/02/2013 20:00,7.46,130,3.83,6.3,13.1
165146,20/02/2013 20:10,7.4,130.8,3.25,5.25,13.1
165147,20/02/2013 20:20,7.42,127.2,3.41,5.19,13.1
165148,20/02/2013 20:30,7.35,115.1,2.42,3.65,13.1
165149,20/02/2013 20:40,7.34,107,2.16,3.03,13.1
165150,20/02/2013 20:50,7.45,101.9,2.21,3.62,13.1
165151,20/02/2013 21:00,7.57,117.7,2.74,4.21,13.1
165152,20/02/2013 21:10,7.75,127.3,3.65,5.35,13.1
165153,20/02/2013 21:20,7.67,128.7,3.77,6.82,13.1
165154,20/02/2013 21:30,7.6,126.7,3.19,5.06,13.1
165155,20/02/2013 21:40,7.58,126.9,3,4.6,13.1
165156,20/02/2013 21:50,7.62,130.5,3.42,5.58,13.1
165157,20/02/2013 22:00,7.5,142.3,3.91,6.2,13.1
165158,20/02/2013 22:10,7.32,134.4,3.21,4.73,13.1
165159,20/02/2013 22:20,7.38,126.8,3.62,5.61,13.1
165160,20/02/2013 22:30,7.49,114.8,3.71,5.45,13.1
165161,20/02/2013 22:40,7.49,127.4,3.62,5.58,13.1
165162,20/02/2013 22:50,7.46,136.1,3.53,5.74,13.1
165163,20/02/2013 23:00,7.46,131.6,3.85,6.3,13.1
165164,20/02/2013 23:10,7.42,126.7,3.33,4.8,13.1
165165,20/02/2013 23:20,7.42,126.1,3.02,4.8,13.1
165166,20/02/2013 23:30,7.44,135.9,2.87,4.31,13.1
165167,20/02/2013 23:40,7.43,137.3,3.24,4.9,13.1
165168,20/02/2013 23:50,7.38,133,3.33,5.12,13.1
165169,21/02/2013 00:00,7.41,132.4,3.52,5.09,13.1
165170,21/02/2013 00:10,7.34,140.1,2.99,4.76,13.1
165171,21/02/2013 00:20,7.32,131,2.84,4.31,13.1
165172,21/02/2013 00:30,7.38,128.9,3.11,4.63,13.1
165173,21/02/2013 00:40,7.38,127.4,3.6,5.68,13.1
165174,21/02/2013 00:50,7.37,127.9,3.36,5.16,13.1
165175,21/02/2013 01:00,7.33,129.6,3.07,4.44,13.1
165176,21/02/2013 01:10,7.28,130.1,3.06,4.9,13.1
165177,21/02/2013 01:20,7.29,133.5,3.69,5.48,13.1
165178,21/02/2013 01:30,7.3,135.4,3.95,6.14,13.1
165179,21/02/2013 01:40,7.28,129.2,3.18,4.7,13.1
165180,21/02/2013 01:50,7.21,127.9,2.79,4.24,13.1
165181,21/02/2013 02:00,7.12,119.4,2.11,3.13,13.1
165182,21/02/2013 02:10,7.05,110.3,1.94,2.87,13.1
165183,21/02/2013 02:20,7.01,105.4,1.83,2.77,13.1
165184,21/02/2013 02:30,6.98,99.3,1.89,2.9,13.1
165185,21/02/2013 02:40,6.93,90.3,1.86,2.74,13.1
165186,21/02/2013 02:50,6.89,88,2.1,3.36,13.1
165187,21/02/2013 03:00,6.9,74.8,2.26,3,13.1
165188,21/02/2013 03:10,6.92,77.6,2.1,2.9,13.1
165189,21/02/2013 03:20,6.97,74.9,1.87,2.9,13.1
165190,21/02/2013 03:30,6.77,88.8,1.74,2.38,13.1
165191,21/02/2013 03:40,7.02,102,2.15,3.88,13.1
165192,21/02/2013 03:50,6.81,115.6,2.31,3.46,13.1
165193,21/02/2013 04:00,6.97,111.6,2.02,3.69,13.1
165194,21/02/2013 04:10,6.61,86.5,1.85,3.1,13.1
165195,21/02/2013 04:20,6.75,78.6,1.69,2.28,13.1
165196,21/02/2013 04:30,6.77,85.4,1.96,3.2,13.1
165197,21/02/2013 04:40,6.39,84.4,2.28,3.56,13.1
165198,21/02/2013 04:50,6.23,76.2,2.31,3.88,13.1
165199,21/02/2013 05:00,6.8,89.4,1.62,2.77,13.1
165200,21/02/2013 05:10,6.62,78.8,2.58,3.92,13.1
165201,21/02/2013 05:20,6.53,75.2,2.26,3.75,13.1
165202,21/02/2013 05:30,6.72,78,2.13,3.43,13.1
165203,21/02/2013 05:40,6.63,72.6,1.82,2.64,13.1
165204,21/02/2013 05:50,6.56,81.1,1.87,2.97,13.1
165205,21/02/2013 06:00,6.4,78.9,1.94,2.87,13.1
165206,21/02/2013 06:10,6.24,75.8,2.29,2.74,13.1
165207,21/02/2013 06:20,6.12,71.3,2.49,3.2,13.1
165208,21/02/2013 06:30,6.24,64.8,2.46,3.16,13.1
165209,21/02/2013 06:40,6.48,79.2,2.02,2.74,13.1
165210,21/02/2013 06:50,6.65,85.2,1.66,2.9,13.1
165211,21/02/2013 07:00,6.57,81,1.93,2.51,13.1
165212,21/02/2013 07:10,6.77,86.7,1.81,2.61,13.1
165213,21/02/2013 07:20,6.81,94.1,1.29,1.96,13.1
165214,21/02/2013 07:30,6.72,89.6,1.49,2.22,13.1
165215,21/02/2013 07:40,6.64,84,1.05,2.25,13.1
165216,21/02/2013 07:50,6.77,54.3,0.81,1.63,13.1
165217,21/02/2013 08:00,6.85,89.6,0.58,1.6,13.1
165218,21/02/2013 08:10,6.79,83.4,0.53,1.63,13.1
165219,21/02/2013 08:20,6.84,74.5,1.03,2.22,13.1
165220,21/02/2013 08:30,6.77,101.4,1.06,1.96,13.1
165221,21/02/2013 08:40,6.88,86.6,1.85,4.11,13.1
165222,21/02/2013 08:50,6.91,94.6,0.97,3.52,13.1
165223,21/02/2013 09:00,6.94,91.5,1.32,2.25,13.1
165224,21/02/2013 09:10,6.82,96.3,1.11,3.26,1.7
165225,21/02/2013 09:20,6.88,90.2,1.4,3.29,1.7
165226,21/02/2013 09:30,6.79,61,1.03,1.76,1.7
165227,21/02/2013 09:40,6.98,74.3,1.63,3.98,1.7
165228,21/02/2013 09:50,6.94,92.1,1.21,2.28,1.7
165229,21/02/2013 10:00,7.22,103.2,1.07,4.76,1.7
165230,21/02/2013 10:10,7.04,209.9,1.17,3.2,1.7
165231,21/02/2013 10:20,6.87,208.3,0.89,1.76,1.7
165232,21/02/2013 10:30,6.67,77.4,0.55,1.47,1.7
165233,21/02/2013 10:40,6.54,148.2,0.99,2.09,1.7
165234,21/02/2013 10:50,6.94,18.2,0.63,1.53,1.7
165235,21/02/2013 11:00,7.13,37,0.58,1.66,1.7
165236,21/02/2013 11:10,7.22,257.2,1.66,3.75,1.7
165237,21/02/2013 11:20,7.36,195.1,3.34,6.2,1.7
165238,21/02/2013 11:30,7.58,177.9,2.62,4.8,1.7
165239,21/02/2013 11:40,7.71,150.8,0.74,3,1.7
165240,21/02/2013 11:50,7.16,101.5,2.59,4.08,1.7
165241,21/02/2013 12:00,6.52,79.1,2.71,4.37,1.7
165242,21/02/2013 12:10,6.55,60.4,1.47,3.43,1.7
165243,21/02/2013 12:20,6.91,100.4,2.43,4.37,1.7
165244,21/02/2013 12:30,6.99,66,1.18,2.45,1.7
165245,21/02/2013 12:40,7.33,66.1,2.69,4.27,1.7
165246,21/02/2013 12:50,6.63,112.2,3.84,5.39,1.7
165247,21/02/2013 13:00,6.71,97.6,2.71,4.31,1.7
165248,21/02/2013 13:10,6.68,101.2,1.21,2.71,1.7
165249,21/02/2013 13:20,6.76,269.8,1.74,3,1.7
165250,21/02/2013 13:30,7.29,248,3.27,4.67,1.7
165251,21/02/2013 13:40,7.54,254,2.59,3.98,1.7
165252,21/02/2013 13:50,7.76,270.3,2.18,3.39,1.7
165253,21/02/2013 14:00,8.04,283.6,1.71,4.31,1.7
165254,21/02/2013 14:10,8.13,258.1,1.7,3.65,1.7
165255,21/02/2013 14:20,8.2,234.2,0.67,3.07,1.7
165256,21/02/2013 14:30,8.16,210.1,0.26,0.98,1.7
165257,21/02/2013 14:40,8.14,276.9,0.75,1.66,1.7
165258,21/02/2013 14:50,8.12,293.8,1.6,2.38,1.7
165259,21/02/2013 15:00,8.08,301.3,1.87,2.35,1.7
165260,21/02/2013 15:10,7.6,25.8,1.14,1.89,1.7
165261,21/02/2013 15:20,7.7,8.4,0.72,2.31,1.7
165262,21/02/2013 15:30,7.94,351.9,2.54,4.14,1.7
165263,21/02/2013 15:40,8,2.6,2.74,4.05,1.7
165264,21/02/2013 15:50,7.61,29,1.75,2.61,1.7
165265,21/02/2013 16:00,7.2,100.7,0.44,1.17,1.7
165266,21/02/2013 16:10,7.02,352.4,0.08,1.07,1.7
165267,21/02/2013 16:20,6.66,26.2,0.29,1.07,1.7
165268,21/02/2013 16:30,6.58,76.7,0.06,0.58,1.7
165269,21/02/2013 16:40,5.82,134.3,0.53,3,1.7
165270,21/02/2013 16:50,5.42,101.1,1.19,2.41,1.7
165271,21/02/2013 17:00,5.72,54,2.02,2.58,1.7
165272,21/02/2013 17:10,6.57,68.6,2.26,3.62,1.7
165273,21/02/2013 17:20,6.74,71.8,1.24,3.39,1.7
165274,21/02/2013 17:30,6.72,85,1.53,2.94,1.7
165275,21/02/2013 17:40,6.69,77.1,2.04,3.23,1.7
165276,21/02/2013 17:50,6.63,75.4,2.35,3.23,1.7
165277,21/02/2013 18:00,6.64,73.4,2.1,2.77,1.7
165278,21/02/2013 18:10,6.66,72.1,2.36,2.97,1.7
165279,21/02/2013 18:20,6.54,94,2.05,2.8,1.7
165280,21/02/2013 18:30,6.45,91.2,1.7,2.64,1.7
165281,21/02/2013 18:40,6.33,87.4,1.73,2.31,1.7
165282,21/02/2013 18:50,6.38,86.1,1.72,2.38,1.7
165283,21/02/2013 19:00,6.32,86.3,1.8,2.67,1.7
165284,21/02/2013 19:10,6.29,85.2,1.93,2.71,1.7
165285,21/02/2013 19:20,6.23,93.5,2.11,2.94,1.7
165286,21/02/2013 19:30,6.24,88.7,2.05,2.87,1.7
165287,21/02/2013 19:40,6.09,82.5,1.75,2.48,1.7
165288,21/02/2013 19:50,6.2,73.2,1.9,3,1.7
165289,21/02/2013 20:00,6.26,68.9,1.88,2.45,1.7
165290,21/02/2013 20:10,6.39,69.8,1.79,2.87,1.7
165291,21/02/2013 20:20,6.78,73.7,1.98,2.77,1.7
165292,21/02/2013 20:30,6.65,75.8,2.12,3,1.7
165293,21/02/2013 20:40,6.54,66.9,2.19,3.26,1.7
165294,21/02/2013 20:50,6.41,69.9,2.35,2.9,1.7
165295,21/02/2013 21:00,6.5,75.3,2.56,3.49,1.7
165296,21/02/2013 21:10,6.65,71,2.56,3.39,1.7
165297,21/02/2013 21:20,6.39,78.5,2.12,2.97,1.7
165298,21/02/2013 21:30,6.58,93,1.34,2.48,1.7
165299,21/02/2013 21:40,6.54,93,1.7,3.39,1.7
165300,21/02/2013 21:50,6.42,71.9,2.15,3.16,1.7
165301,21/02/2013 22:00,6.28,75.2,1.98,3.33,1.7
165302,21/02/2013 22:10,6.39,63.6,1.8,2.64,1.7
165303,21/02/2013 22:20,6.26,82.7,1.31,2.15,1.7
165304,21/02/2013 22:30,6.13,93.7,1.26,2.64,1.7
165305,21/02/2013 22:40,5.98,80.3,2.01,2.74,1.7
165306,21/02/2013 22:50,5.95,79.8,2.07,2.74,1.7
165307,21/02/2013 23:00,5.94,77.4,2.3,2.9,1.7
165308,21/02/2013 23:10,5.97,75.3,2.22,3.03,1.7
165309,21/02/2013 23:20,6.12,68.3,2.25,3.13,1.7
165310,21/02/2013 23:30,6.24,65.6,2.06,2.87,1.7
165311,21/02/2013 23:40,6.16,78.6,2.07,3.07,1.7
165312,21/02/2013 23:50,5.9,76,2.33,3.1,1.7
165313,22/02/2013 00:00,5.96,69.8,2.65,3.36,1.7
165314,22/02/2013 00:10,5.98,71.5,2.35,3.26,1.7
165315,22/02/2013 00:20,6.23,73.2,2.68,3.78,1.7
165316,22/02/2013 00:30,6.33,80.4,2.2,3.62,1.7
165317,22/02/2013 00:40,6.11,76.1,1.55,2.35,1.7
165318,22/02/2013 00:50,6.24,104.8,1.69,3.2,1.7
165319,22/02/2013 01:00,5.75,118.5,2.48,3.95,1.7
165320,22/02/2013 01:10,5.59,85.3,2.21,3.29,1.7
165321,22/02/2013 01:20,5.51,95.4,1.87,3.07,1.7
165322,22/02/2013 01:30,5.4,76.6,2.39,3.26,1.7
165323,22/02/2013 01:40,5.44,72.7,2.8,3.82,1.7
165324,22/02/2013 01:50,5.25,80.3,2.71,3.72,1.7
165325,22/02/2013 02:00,5.11,72.1,2.14,3.07,1.7
165326,22/02/2013 02:10,5.57,59.8,2.62,3.75,1.7
165327,22/02/2013 02:20,5.61,74,2.45,3.59,1.7
165328,22/02/2013 02:30,5.28,86.8,2.02,3.03,1.7
165329,22/02/2013 02:40,4.97,86.5,2.21,3.03,1.7
165330,22/02/2013 02:50,5.13,81.6,1.85,2.9,1.7
165331,22/02/2013 03:00,4.98,65.9,1.5,2.54,1.7
165332,22/02/2013 03:10,5.33,62.5,1.65,2.9,1.7
165333,22/02/2013 03:20,5.43,66.4,1.78,2.61,1.7
165334,22/02/2013 03:30,5.47,69.9,1.86,2.9,1.7
165335,22/02/2013 03:40,5.73,67.9,2.1,3.36,1.7
165336,22/02/2013 03:50,5.88,81.8,2.21,3.46,1.7
165337,22/02/2013 04:00,5.9,68.6,2.15,3.2,1.7
165338,22/02/2013 04:10,5.64,56.7,1.96,3.2,1.7
165339,22/02/2013 04:20,5.76,80.8,1.98,3.2,1.7
165340,22/02/2013 04:30,5.55,76.8,1.74,2.8,1.7
165341,22/02/2013 04:40,5.6,71.3,1.98,2.64,1.7
165342,22/02/2013 04:50,5.34,69,2.26,3.56,1.7
165343,22/02/2013 05:00,5.39,66.4,2.32,3.49,1.7
165344,22/02/2013 05:10,5.85,88.6,2.2,3.75,1.7
165345,22/02/2013 05:20,5.61,74,2.53,3.52,1.7
165346,22/02/2013 05:30,5.62,76.6,3.18,4.67,1.7
165347,22/02/2013 05:40,5.48,66.9,3.11,4.54,1.7
165348,22/02/2013 05:50,5.28,69.7,2.35,3.33,1.7
165349,22/02/2013 06:00,5.61,64.4,2.74,3.98,1.7
165350,22/02/2013 06:10,6.05,67.5,2.65,3.92,1.7
165351,22/02/2013 06:20,6.15,74.5,2.11,3.33,1.7
165352,22/02/2013 06:30,6.08,78.5,1.98,3.39,1.7
165353,22/02/2013 06:40,6,79.3,2.28,3.49,1.7
165354,22/02/2013 06:50,5.82,83.9,2.48,3.62,1.7
165355,22/02/2013 07:00,5.92,70.5,2.75,4.05,1.7
165356,22/02/2013 07:10,5.95,73.1,2.29,3.1,1.7
165357,22/02/2013 07:20,5.84,67.8,2.24,3.2,1.7
165358,22/02/2013 07:30,5.56,75.3,2.3,3.26,1.7
165359,22/02/2013 07:40,6.16,89.9,2.05,3.13,1.7
165360,22/02/2013 07:50,5.78,85.9,1.81,2.58,1.7
165361,22/02/2013 08:00,5.26,78,2,2.77,1.7
165362,22/02/2013 08:10,4.94,63.2,2.43,3.07,1.7
165363,22/02/2013 08:20,5.3,65.5,2.49,3.26,1.7
165364,22/02/2013 08:30,5.07,62.9,2.18,2.64,1.7
165365,22/02/2013 08:40,4.63,64.9,2.48,3,1.7
165366,22/02/2013 08:50,5.06,66.2,2.69,3.75,1.7
165367,22/02/2013 09:00,5.52,67,2.37,3.65,1.7
165368,22/02/2013 09:10,5.46,77.4,2.76,4.6,32.2
165369,22/02/2013 09:20,4.93,91.2,2.51,4.44,32.2
165370,22/02/2013 09:30,5.02,73.9,2.55,3.95,32.2
165371,22/02/2013 09:40,5.27,72.9,2,2.8,32.2
165372,22/02/2013 09:50,5.36,67.7,2.28,3.92,32.2
165373,22/02/2013 10:00,5.48,69.2,2.46,4.41,32.2
165374,22/02/2013 10:10,5.49,62.6,2.96,4.37,32.2
165375,22/02/2013 10:20,5.51,65.9,2.64,3.52,32.2
165376,22/02/2013 10:30,5.47,62.6,2.8,4.9,32.2
165377,22/02/2013 10:40,5.63,62.2,3.48,5.06,32.2
165378,22/02/2013 10:50,5.91,65.3,4.05,6.37,32.2
165379,22/02/2013 11:00,5.84,69.9,3.81,6.27,32.2
165380,22/02/2013 11:10,5.97,66.5,3.44,4.73,32.2
165381,22/02/2013 11:20,5.9,66.4,3.7,5.94,32.2
165382,22/02/2013 11:30,6.09,58,3.65,5.09,32.2
165383,22/02/2013 11:40,6.05,64.6,3.2,5.55,32.2
165384,22/02/2013 11:50,5.96,67.4,2.87,4.73,32.2
165385,22/02/2013 12:00,6,66.9,2.85,5.06,32.2
165386,22/02/2013 12:10,5.88,66.7,2.67,4.21,32.2
165387,22/02/2013 12:20,5.78,72.3,2.91,5.03,32.2
165388,22/02/2013 12:30,6.13,68.1,2.86,4.34,32.2
165389,22/02/2013 12:40,6.04,66.3,2.76,4.83,32.2
165390,22/02/2013 12:50,6.02,77.3,2.2,4.6,32.2
165391,22/02/2013 13:00,6.43,69.7,2.12,3.59,32.2
165392,22/02/2013 13:10,6.28,90.9,2.07,3.36,32.2
165393,22/02/2013 13:20,5.93,94.8,2.47,3.78,32.2
165394,22/02/2013 13:30,6.07,84.2,1.51,2.48,32.2
165395,22/02/2013 13:40,5.94,77.3,1.69,2.8,32.2
165396,22/02/2013 13:50,5.9,82,1.68,2.87,32.2
165397,22/02/2013 14:00,5.67,66.8,1.8,2.87,32.2
165398,22/02/2013 14:10,5.55,63.4,0.91,1.6,32.2
165399,22/02/2013 14:20,5.59,77.1,1.34,2.18,32.2
165400,22/02/2013 14:30,5.9,63.8,1.7,2.74,32.2
165401,22/02/2013 14:40,5.46,72.5,1.93,3.2,32.2
165402,22/02/2013 14:50,5.26,65.7,2.71,3.36,32.2
165403,22/02/2013 15:00,5.14,66.4,3.24,4.24,32.2
165404,22/02/2013 15:10,5.55,63.5,2.77,4.63,32.2
165405,22/02/2013 15:20,5.61,65.2,2.73,4.37,32.2
165406,22/02/2013 15:30,5.97,66,2.7,4.57,32.2
165407,22/02/2013 15:40,6.06,92.3,1.72,3.65,32.2
165408,22/02/2013 15:50,6.08,85.7,1.82,4.24,32.2
165409,22/02/2013 16:00,5.72,89,2.25,3.92,32.2
165410,22/02/2013 16:10,5.95,67.4,2.17,4.47,32.2
165411,22/02/2013 16:20,5.87,71.7,1.76,2.77,32.2
165412,22/02/2013 16:30,6.05,94.1,2.5,4.34,32.2
165413,22/02/2013 16:40,5.9,64,2.59,4.08,32.2
165414,22/02/2013 16:50,5.9,69.6,2.53,3.23,32.2
165415,22/02/2013 17:00,5.92,69.6,2.81,4.5,32.2
165416,22/02/2013 17:10,6.02,81.2,2.22,4.34,32.2
165417,22/02/2013 17:20,5.93,73,2.8,4.6,32.2
165418,22/02/2013 17:30,6,70.2,2.17,3.56,32.2
165419,22/02/2013 17:40,5.9,74.2,1.11,2.05,32.2
165420,22/02/2013 17:50,5.68,74.4,1.28,1.99,32.2
165421,22/02/2013 18:00,5.62,96.7,2.02,3.33,32.2
165422,22/02/2013 18:10,5.57,66.2,1.65,2.28,32.2
165423,22/02/2013 18:20,5.38,61.2,2.06,2.61,32.2
165424,22/02/2013 18:30,5.27,62.4,2.45,3.07,32.2
165425,22/02/2013 18:40,5.26,63.8,2.99,3.72,32.2
165426,22/02/2013 18:50,5.6,68.7,2.53,3.23,32.2
165427,22/02/2013 19:00,5.88,61.6,2.26,3.07,32.2
165428,22/02/2013 19:10,5.91,73,2.2,3.39,32.2
165429,22/02/2013 19:20,5.51,79.3,2.22,3.16,32.2
165430,22/02/2013 19:30,5.47,68.7,1.98,2.9,32.2
165431,22/02/2013 19:40,5.7,71.6,2.19,2.97,32.2
165432,22/02/2013 19:50,5.18,73.5,2.37,2.84,32.2
165433,22/02/2013 20:00,5.38,73.3,2.24,2.97,32.2
165434,22/02/2013 20:10,5.53,70.6,1.19,1.96,32.2
165435,22/02/2013 20:20,5.54,70.6,1.34,2.05,32.2
165436,22/02/2013 20:30,5.39,67.7,1.6,2.15,32.2
165437,22/02/2013 20:40,5.51,57.7,1.44,1.89,32.2
165438,22/02/2013 20:50,5.47,67.6,0.99,1.6,32.2
165439,22/02/2013 21:00,5.39,60.7,1.27,1.86,32.2
165440,22/02/2013 21:10,5.59,51,1.59,2.25,32.2
165441,22/02/2013 21:20,5.47,71.3,1.59,2.38,32.2
165442,22/02/2013 21:30,5.27,78.9,1.64,2.22,32.2
165443,22/02/2013 21:40,5.37,82.3,1.48,2.09,32.2
165444,22/02/2013 21:50,5.49,75.5,1.6,3.13,32.2
165445,22/02/2013 22:00,5.46,62.4,1.98,3.16,32.2
165446,22/02/2013 22:10,5.51,54.1,1.8,2.31,32.2
165447,22/02/2013 22:20,5.65,55.9,1.29,1.99,32.2
165448,22/02/2013 22:30,5.51,60.9,1.5,1.99,32.2
165449,22/02/2013 22:40,5.63,52.7,1.65,2.22,32.2
165450,22/02/2013 22:50,5.59,64.3,1.33,1.89,32.2
165451,22/02/2013 23:00,5.47,94.1,1.49,2.28,32.2
165452,22/02/2013 23:10,5.4,105.6,0.64,2.02,32.2
165453,22/02/2013 23:20,5.28,86.9,1.27,2.12,32.2
165454,22/02/2013 23:30,5.46,68.1,1.51,2.87,32.2
165455,22/02/2013 23:40,5.24,69.3,2.27,3.43,32.2
165456,22/02/2013 23:50,5.22,62.9,2.92,3.85,32.2
165457,23/02/2013 00:00,5.22,61.7,2.36,3.33,32.2
165458,23/02/2013 00:10,5.27,64.4,2.35,3.03,32.2
165459,23/02/2013 00:20,5.22,60.4,2.43,3.26,32.2
165460,23/02/2013 00:30,5.27,61.5,2.22,2.77,32.2
165461,23/02/2013 00:40,5.32,57.3,2.1,3.03,32.2
165462,23/02/2013 00:50,5.31,69.4,2.09,2.74,32.2
165463,23/02/2013 01:00,5.26,83.7,1.89,3.26,32.2
165464,23/02/2013 01:10,5.2,112.2,1.13,2.02,32.2
165465,23/02/2013 01:20,5.23,130.4,0.6,2.02,32.2
165466,23/02/2013 01:30,5.23,123.1,1.81,2.97,32.2
165467,23/02/2013 01:40,5.18,106.7,1.96,3.33,32.2
165468,23/02/2013 01:50,4.94,77.6,2.02,3.03,32.2
165469,23/02/2013 02:00,4.9,71.8,1.74,3.36,32.2
165470,23/02/2013 02:10,4.86,85.7,2.05,2.94,32.2
165471,23/02/2013 02:20,4.88,72.5,2.43,3.2,32.2
165472,23/02/2013 02:30,4.92,62.6,2.78,3.52,32.2
165473,23/02/2013 02:40,4.84,61.3,2.57,3.29,32.2
165474,23/02/2013 02:50,4.78,61.4,2.82,3.52,32.2
165475,23/02/2013 03:00,4.76,60.2,3.08,3.65,32.2
165476,23/02/2013 03:10,4.82,54.8,2.98,4.21,32.2
165477,23/02/2013 03:20,4.86,66.9,2.74,3.78,32.2
165478,23/02/2013 03:30,4.76,67,3.08,4.14,32.2
165479,23/02/2013 03:40,4.85,53.8,3,4.27,32.2
165480,23/02/2013 03:50,4.87,56.2,1.82,2.94,32.2
165481,23/02/2013 04:00,4.82,49.8,1.67,2.22,32.2
165482,23/02/2013 04:10,4.76,47.5,1.26,1.96,32.2
165483,23/02/2013 04:20,4.6,63.9,0.55,0.88,32.2
165484,23/02/2013 04:30,4.25,51.9,0.81,1.3,32.2
165485,23/02/2013 04:40,4.14,57.8,1.88,2.97,32.2
165486,23/02/2013 04:50,3.75,61.9,3,3.62,32.2
165487,23/02/2013 05:00,3.98,59.8,3.14,3.49,32.2
165488,23/02/2013 05:10,4.17,54.7,2.76,3.46,32.2
165489,23/02/2013 05:20,4.57,48.5,3.02,3.92,32.2
165490,23/02/2013 05:30,4.78,44.9,2.84,3.56,32.2
165491,23/02/2013 05:40,4.92,43.3,2.99,3.69,32.2
165492,23/02/2013 05:50,4.47,59.8,2.29,3.39,32.2
165493,23/02/2013 06:00,3.9,63.4,2.51,3.52,32.2
165494,23/02/2013 06:10,4.21,61.3,2.32,3.13,32.2
165495,23/02/2013 06:20,4.31,58.4,2.07,2.8,32.2
165496,23/02/2013 06:30,4.56,64.7,1.97,3.72,32.2
165497,23/02/2013 06:40,4.74,98.4,1.09,2.02,32.2
165498,23/02/2013 06:50,4.09,177.9,0.73,2.22,32.2
165499,23/02/2013 07:00,3.97,295.1,0.45,1.17,32.2
165500,23/02/2013 07:10,4.49,80.1,1.07,2.71,32.2
165501,23/02/2013 07:20,4.59,95.3,2.38,3.98,32.2
165502,23/02/2013 07:30,4.14,75.8,1.79,3.39,32.2
165503,23/02/2013 07:40,3.83,62.2,3.55,4.24,32.2
165504,23/02/2013 07:50,3.88,64.2,3.3,3.65,32.2
165505,23/02/2013 08:00,4.27,53.5,3.13,4.37,32.2
165506,23/02/2013 08:10,4.45,43.3,2.94,4.11,32.2
165507,23/02/2013 08:20,4.46,39.3,2.18,2.9,32.2
165508,23/02/2013 08:30,4.45,54.8,1.52,2.35,32.2
165509,23/02/2013 08:40,4.14,53.6,1.88,2.35,32.2
165510,23/02/2013 08:50,3.83,60.1,1.84,2.51,32.2
165511,23/02/2013 09:00,3.62,59.3,2.19,3.07,32.2
165512,23/02/2013 09:10,3.7,59.7,2.42,2.9,6
165513,23/02/2013 09:20,3.83,56.8,1.56,2.22,6
165514,23/02/2013 09:30,3.9,52.6,1.38,1.79,6
165515,23/02/2013 09:40,3.99,57,2.15,2.51,6
165516,23/02/2013 09:50,3.94,58.7,2.47,3.16,6
165517,23/02/2013 10:00,4.49,54.9,2.63,3.33,6
165518,23/02/2013 10:10,4.39,59.7,2.27,2.84,6
165519,23/02/2013 10:20,4.63,56.9,2.15,2.51,6
165520,23/02/2013 10:30,4.72,59.9,2,2.64,6
165521,23/02/2013 10:40,4.86,76.7,1.25,2.02,6
165522,23/02/2013 10:50,4.88,148,2.24,3.52,6
165523,23/02/2013 11:00,4.84,193.1,0.16,1.3,6
165524,23/02/2013 11:10,4.86,219,0.66,1.69,6
165525,23/02/2013 11:20,4.81,165.9,0.29,1.24,6
165526,23/02/2013 11:30,4.62,61.4,2.4,4.01,6
165527,23/02/2013 11:40,4.69,60.7,3.82,4.44,6
165528,23/02/2013 11:50,4.74,70.5,3.45,4.14,6
165529,23/02/2013 12:00,5,57.7,2.37,3.23,6
165530,23/02/2013 12:10,5.26,52.8,1.47,2.18,6
165531,23/02/2013 12:20,5.36,72,0.62,1.17,6
165532,23/02/2013 12:30,5.39,130.9,0.77,1.92,6
165533,23/02/2013 12:40,4.94,82.3,2.37,3.62,6
165534,23/02/2013 12:50,4.9,60.2,2.91,3.62,6
165535,23/02/2013 13:00,5.11,52.2,2.83,3.95,6
165536,23/02/2013 13:10,5.39,49.7,2.6,3.62,6
165537,23/02/2013 13:20,5.55,59.8,2.13,2.97,6
165538,23/02/2013 13:30,5.71,63.3,1.82,2.61,6
165539,23/02/2013 13:40,5.84,54,1.6,2.38,6
165540,23/02/2013 13:50,5.92,63.6,1.67,2.28,6
165541,23/02/2013 14:00,5.82,80.3,1.64,2.15,6
165542,23/02/2013 14:10,5.72,73.3,1.84,2.48,6
165543,23/02/2013 14:20,5.66,65.5,1.6,2.31,6
165544,23/02/2013 14:30,5.75,62.6,1.53,2.58,6
165545,23/02/2013 14:40,5.93,74.9,1.47,2.51,6
165546,23/02/2013 14:50,6.08,94.5,1.6,2.97,6
165547,23/02/2013 15:00,6.06,116.1,2.15,3.1,6
165548,23/02/2013 15:10,6.08,105.4,1.58,2.18,6
165549,23/02/2013 15:20,5.94,69.6,1.49,2.41,6
165550,23/02/2013 15:30,6.05,70.1,1.54,2.35,6
165551,23/02/2013 15:40,6.05,77,1.4,2.35,6
165552,23/02/2013 15:50,5.95,84.7,1.45,2.28,6
165553,23/02/2013 16:00,5.89,85.6,1.63,2.77,6
165554,23/02/2013 16:10,5.92,62.5,1.8,2.67,6
165555,23/02/2013 16:20,5.92,68.3,1.35,2.58,6
165556,23/02/2013 16:30,5.73,74.5,1.97,2.74,6
165557,23/02/2013 16:40,5.72,74.5,1.65,2.45,6
165558,23/02/2013 16:50,5.75,70.8,1.52,2.15,6
165559,23/02/2013 17:00,5.63,73.3,1.8,2.25,6
165560,23/02/2013 17:10,5.66,75.8,1.51,2.28,6
165561,23/02/2013 17:20,5.4,83.4,1.47,2.09,6
165562,23/02/2013 17:30,5.28,76.5,1.49,1.96,6
165563,23/02/2013 17:40,5.19,74.8,1.67,2.41,6
165564,23/02/2013 17:50,5.25,69.3,1.86,2.61,6
165565,23/02/2013 18:00,5.42,58.8,2.07,2.97,6
165566,23/02/2013 18:10,5.39,71.7,1.99,2.87,6
165567,23/02/2013 18:20,5.08,70.9,2.4,3.2,6
165568,23/02/2013 18:30,5.14,66.8,2.41,3.2,6
165569,23/02/2013 18:40,5.26,60.4,2.5,3.07,6
165570,23/02/2013 18:50,5.39,59.5,2.37,3.39,6
165571,23/02/2013 19:00,4.83,140.1,3.03,5.91,6
165572,23/02/2013 19:10,4.62,147.8,1.55,4.31,6
165573,23/02/2013 19:20,4.92,121.4,3.12,5.74,6
165574,23/02/2013 19:30,4.62,64,2.24,2.77,6
165575,23/02/2013 19:40,4.93,57.6,2.44,3.1,6
165576,23/02/2013 19:50,4.67,67.2,2.8,3.52,6
165577,23/02/2013 20:00,4.71,62,2.94,4.63,6
165578,23/02/2013 20:10,4.79,72.6,1.79,2.9,6
165579,23/02/2013 20:20,4.75,72.1,1.37,1.82,6
165580,23/02/2013 20:30,4.85,73.7,1.63,2.74,6
165581,23/02/2013 20:40,4.94,73.7,1.48,2.18,6
165582,23/02/2013 20:50,4.94,76,1.74,3.1,6
165583,23/02/2013 21:00,4.88,73.9,1.8,2.77,6
165584,23/02/2013 21:10,4.85,87.7,1.99,2.94,6
165585,23/02/2013 21:20,4.76,96.2,1.66,2.41,6
165586,23/02/2013 21:30,4.74,93.4,1.94,2.84,6
165587,23/02/2013 21:40,4.78,82.3,1.89,2.97,6
165588,23/02/2013 21:50,4.82,85.5,2.15,2.74,6
165589,23/02/2013 22:00,4.94,74.1,2.17,2.94,6
165590,23/02/2013 22:10,5.02,88.9,2.14,3.65,6
165591,23/02/2013 22:20,5.06,117.8,1.82,3.23,6
165592,23/02/2013 22:30,4.9,98.9,1.21,2.25,6
165593,23/02/2013 22:40,4.74,84.6,1.88,2.64,6
165594,23/02/2013 22:50,4.68,96.5,2.41,3.39,6
165595,23/02/2013 23:00,4.75,114.2,2.54,3.78,6
165596,23/02/2013 23:10,4.74,103.1,2.28,3.78,6
165597,23/02/2013 23:20,4.79,141.9,2.29,5.88,6
165598,23/02/2013 23:30,4.68,170.5,2.99,5.65,6
165599,23/02/2013 23:40,4.44,100.4,1.88,2.71,6
165600,23/02/2013 23:50,4.31,99.8,2.85,5.84,6
165601,24/02/2013 00:00,4.12,90,2.25,4.6,6
165602,24/02/2013 00:10,4.24,64.5,2.54,3.92,6
165603,24/02/2013 00:20,4.25,73.9,3.32,4.83,6
165604,24/02/2013 00:30,4.35,59.4,3.17,4.47,6
165605,24/02/2013 00:40,4.75,63.8,2.41,3.78,6
165606,24/02/2013 00:50,4.93,73.4,2.1,2.97,6
165607,24/02/2013 01:00,4.66,95.3,2.4,3.72,6
165608,24/02/2013 01:10,4.52,103.2,1.81,2.54,6
165609,24/02/2013 01:20,4.49,107.2,1.79,3,6
165610,24/02/2013 01:30,4.37,93.6,2.02,3.75,6
165611,24/02/2013 01:40,4.43,102.6,2.16,3.33,6
165612,24/02/2013 01:50,4.57,100.3,2.28,3.23,6
165613,24/02/2013 02:00,4.67,94.7,2.31,3.65,6
165614,24/02/2013 02:10,4.49,120.8,2.13,4.05,6
165615,24/02/2013 02:20,3.35,191,2.79,7.38,6
165616,24/02/2013 02:30,3.73,121.4,2.42,6.1,6
165617,24/02/2013 02:40,3.94,117.2,3.68,6.43,6
165618,24/02/2013 02:50,3.71,100,2.98,4.31,6
165619,24/02/2013 03:00,3.67,81.8,3.75,5.61,6
165620,24/02/2013 03:10,3.73,108.3,4.87,6.53,6
165621,24/02/2013 03:20,3.6,101.6,3.29,5.16,6
165622,24/02/2013 03:30,3.48,81.7,2.12,3.39,6
165623,24/02/2013 03:40,3.79,55.2,1.57,3.13,6
165624,24/02/2013 03:50,4.33,51.3,2.37,3.98,6
165625,24/02/2013 04:00,4.73,87.8,2.39,5.09,6
165626,24/02/2013 04:10,4.56,114.6,2.86,6.46,6
165627,24/02/2013 04:20,3.21,217.4,4.79,8.95,6
165628,24/02/2013 04:30,2.94,239.2,2.97,5.45,6
165629,24/02/2013 04:40,3.08,295.3,1.46,2.94,6
165630,24/02/2013 04:50,3.67,1.1,1.45,2.9,6
165631,24/02/2013 05:00,3.83,88.1,1.37,2.45,6
165632,24/02/2013 05:10,3.5,74.2,2.96,3.95,6
165633,24/02/2013 05:20,3.76,61.6,2.91,4.14,6
165634,24/02/2013 05:30,4.82,92,2.9,4.7,6
165635,24/02/2013 05:40,4.51,95.7,2.17,4.08,6
165636,24/02/2013 05:50,4.15,78.5,2.3,3.2,6
165637,24/02/2013 06:00,4.14,72.2,2.2,3.29,6
165638,24/02/2013 06:10,4.28,79.4,2.03,2.94,6
165639,24/02/2013 06:20,4.34,89.6,2.06,3.07,6
165640,24/02/2013 06:30,4.62,109.1,2.8,3.78,6
165641,24/02/2013 06:40,4.62,119.1,3.1,5.48,6
165642,24/02/2013 06:50,4.7,112.1,3.33,5.61,6
165643,24/02/2013 07:00,4.38,112.5,4.75,6.89,6
165644,24/02/2013 07:10,4.29,99.9,3.34,4.8,6
165645,24/02/2013 07:20,4.41,69.8,2.91,3.65,6
165646,24/02/2013 07:30,4.57,89.7,3.02,4.37,6
165647,24/02/2013 07:40,4.6,142.2,3.77,6.92,6
165648,24/02/2013 07:50,4.29,126.8,3.27,5.78,6
165649,24/02/2013 08:00,4.17,114,3.18,4.44,6
165650,24/02/2013 08:10,4,102.2,3.77,6.04,6
165651,24/02/2013 08:20,3.92,88.4,3.36,4.96,6
165652,24/02/2013 08:30,4.63,78.7,3.05,4.24,6
165653,24/02/2013 08:40,4.93,123.5,3.37,6.04,6
165654,24/02/2013 08:50,4.88,132.7,4.06,5.91,6
165655,24/02/2013 09:00,4.86,133.5,4.88,7.67,6
165656,24/02/2013 09:10,4.7,135.3,4.75,7.08,153.4
165657,24/02/2013 09:20,4.66,136.3,4.34,6.43,153.4
165658,24/02/2013 09:30,4.73,126.1,4.48,6.95,153.4
165659,24/02/2013 09:40,4.85,118.6,5.25,7.67,153.4
165660,24/02/2013 09:50,4.96,123.6,5.61,8.79,153.4
165661,24/02/2013 10:00,5.03,127,6.24,9.7,153.4
165662,24/02/2013 10:10,4.9,119.7,6.83,9.15,153.4
165663,24/02/2013 10:20,5.05,116.5,6.21,10.39,153.4
165664,24/02/2013 10:30,5.46,124,7.12,10.81,153.4
165665,24/02/2013 10:40,5.58,124.5,7.37,11.2,153.4
165666,24/02/2013 10:50,5.66,123.2,7.6,10.55,153.4
165667,24/02/2013 11:00,5.8,123.2,7.32,10,153.4
165668,24/02/2013 11:10,5.8,124.7,7.32,10.45,153.4
165669,24/02/2013 11:20,5.92,122,7.74,11.11,153.4
165670,24/02/2013 11:30,5.91,121.5,6.75,9.05,153.4
165671,24/02/2013 11:40,6,117.4,6.68,9.05,153.4
165672,24/02/2013 11:50,6.19,123,7.23,10.78,153.4
165673,24/02/2013 12:00,6.13,130.4,7.18,12.64,153.4
165674,24/02/2013 12:10,6.07,135.8,7.54,11.07,153.4
165675,24/02/2013 12:20,5.92,142.1,6.05,8.46,153.4
165676,24/02/2013 12:30,5.51,126,6.07,8.46,153.4
165677,24/02/2013 12:40,5.67,117.6,5.32,7.64,153.4
165678,24/02/2013 12:50,6.16,122.7,6.19,10.42,153.4
165679,24/02/2013 13:00,6.26,139.3,6.38,10.16,153.4
165680,24/02/2013 13:10,6.41,153.3,6.26,10.45,153.4
165681,24/02/2013 13:20,6.45,157.7,5.6,8.92,153.4
165682,24/02/2013 13:30,6.46,158.3,6.08,10.65,153.4
165683,24/02/2013 13:40,6.49,158.6,5.11,9.54,153.4
165684,24/02/2013 13:50,6.54,163.5,5.73,10.75,153.4
165685,24/02/2013 14:00,6.6,174.9,6.64,11.86,153.4
165686,24/02/2013 14:10,6.65,171.7,5.04,9.9,153.4
165687,24/02/2013 14:20,6.69,178.3,6.33,10.75,153.4
165688,24/02/2013 14:30,6.72,172.3,4.85,9.67,153.4
165689,24/02/2013 14:40,6.77,179.5,5.31,9.73,153.4
165690,24/02/2013 14:50,6.73,173.4,4.31,7.93,153.4
165691,24/02/2013 15:00,6.77,176.4,4.81,8.36,153.4
165692,24/02/2013 15:10,6.8,170.8,5.37,9.34,153.4
165693,24/02/2013 15:20,6.81,176.8,5.86,9.96,153.4
165694,24/02/2013 15:30,6.81,177.5,4.82,8.92,153.4
165695,24/02/2013 15:40,6.73,167.1,4.08,7.51,153.4
165696,24/02/2013 15:50,6.79,159.1,4.37,8.85,153.4
165697,24/02/2013 16:00,6.84,156.5,4.48,9.08,153.4
165698,24/02/2013 16:10,6.92,168.4,4.65,10.16,153.4
165699,24/02/2013 16:20,6.89,161.4,4.46,7.87,153.4
165700,24/02/2013 16:30,6.81,167.8,3.97,7.18,153.4
165701,24/02/2013 16:40,6.81,171,4.45,8.23,153.4
165702,24/02/2013 16:50,6.89,176.7,4.64,8.2,153.4
165703,24/02/2013 17:00,6.93,176,4.46,8.07,153.4
165704,24/02/2013 17:10,6.91,172.4,4.66,8.1,153.4
165705,24/02/2013 17:20,6.93,176.3,4.6,8.26,153.4
165706,24/02/2013 17:30,6.97,170.5,4.28,8.04,153.4
165707,24/02/2013 17:40,6.98,173.3,4.73,9.96,153.4
165708,24/02/2013 17:50,6.98,178.7,5.15,8.79,153.4
165709,24/02/2013 18:00,6.91,160.8,3.32,6.79,153.4
165710,24/02/2013 18:10,6.91,160.9,3.5,6.92,153.4
165711,24/02/2013 18:20,7.02,166,4.11,9.6,153.4
165712,24/02/2013 18:30,7,167.5,3.99,8.82,153.4
165713,24/02/2013 18:40,6.93,164.1,3.35,6.46,153.4
165714,24/02/2013 18:50,6.94,169.7,4.09,7.31,153.4
165715,24/02/2013 19:00,6.89,174.4,4.26,7.51,153.4
165716,24/02/2013 19:10,6.79,178.2,3.79,6.07,153.4
165717,24/02/2013 19:20,6.63,153.7,2.83,5.78,153.4
165718,24/02/2013 19:30,6.63,138.6,3.31,4.9,153.4
165719,24/02/2013 19:40,6.77,147.9,5.25,8.2,153.4
165720,24/02/2013 19:50,6.77,151.9,4.74,9.02,153.4
165721,24/02/2013 20:00,6.69,148.7,3.51,5.58,153.4
165722,24/02/2013 20:10,6.77,166.3,3.93,7.7,153.4
165723,24/02/2013 20:20,6.74,170.3,4.75,8.2,153.4
165724,24/02/2013 20:30,6.7,163.5,3.6,7.7,153.4
165725,24/02/2013 20:40,6.61,164.5,4.15,7.25,153.4
165726,24/02/2013 20:50,6.52,158.4,4.07,6.53,153.4
165727,24/02/2013 21:00,6.56,146.2,4.63,7.44,153.4
165728,24/02/2013 21:10,6.5,140.8,4.82,6.89,153.4
165729,24/02/2013 21:20,6.48,126.1,4.61,6.43,153.4
165730,24/02/2013 21:30,6.49,125.3,4.4,6.56,153.4
165731,24/02/2013 21:40,6.53,132.1,5.47,8.59,153.4
165732,24/02/2013 21:50,6.5,132,4.53,7.05,153.4
165733,24/02/2013 22:00,6.51,122.5,5.16,7.57,153.4
165734,24/02/2013 22:10,6.53,115.6,4.69,6.76,153.4
165735,24/02/2013 22:20,6.76,129,5.54,8.23,153.4
165736,24/02/2013 22:30,6.91,130.7,6.35,9.18,153.4
165737,24/02/2013 22:40,6.97,124.1,5.92,9.9,153.4
165738,24/02/2013 22:50,7.11,128.8,6.15,9.11,153.4
165739,24/02/2013 23:00,7.13,126.6,5.88,9.31,153.4
165740,24/02/2013 23:10,7.22,126.9,6,8.79,153.4
165741,24/02/2013 23:20,7.4,129.9,6.45,9.21,153.4
165742,24/02/2013 23:30,7.38,125.9,6.42,9.54,153.4
165743,24/02/2013 23:40,7.43,125,6.88,9.11,153.4
165744,24/02/2013 23:50,7.38,126.6,6.61,9.73,153.4
165745,25/02/2013 00:00,7.4,129.3,6.36,9.41,153.4
165746,25/02/2013 00:10,7.4,130.4,6.84,9.7,153.4
165747,25/02/2013 00:20,7.35,127.6,6.04,9.34,153.4
165748,25/02/2013 00:30,7.38,125.8,6.54,10.32,153.4
165749,25/02/2013 00:40,7.43,125.4,6.55,10,153.4
165750,25/02/2013 00:50,7.46,128.9,7.02,10.29,153.4
165751,25/02/2013 01:00,7.4,124.3,6.98,10.68,153.4
165752,25/02/2013 01:10,7.46,129.4,6.4,9.87,153.4
165753,25/02/2013 01:20,7.7,124.6,7.13,10.55,153.4
165754,25/02/2013 01:30,7.66,122.6,7.09,10.03,153.4
165755,25/02/2013 01:40,7.79,122.2,6,9.47,153.4
165756,25/02/2013 01:50,7.6,122.5,6.25,9.8,153.4
165757,25/02/2013 02:00,7.79,125.6,5.14,8.1,153.4
165758,25/02/2013 02:10,7.78,123.4,4.79,7.02,153.4
165759,25/02/2013 02:20,7.85,123.5,5.3,7.51,153.4
165760,25/02/2013 02:30,7.86,117.8,5.06,7.87,153.4
165761,25/02/2013 02:40,7.78,120.6,4.81,8.1,153.4
165762,25/02/2013 02:50,7.87,121.7,4.97,9.28,153.4
165763,25/02/2013 03:00,7.55,120.9,4.76,8.23,153.4
165764,25/02/2013 03:10,7.49,114.4,4.72,7.08,153.4
165765,25/02/2013 03:20,7.53,108.7,4.24,5.84,153.4
165766,25/02/2013 03:30,7.72,105.5,4.81,6.56,153.4
165767,25/02/2013 03:40,7.62,112.1,4.37,5.88,153.4
165768,25/02/2013 03:50,7.6,110.3,4.38,6.1,153.4
165769,25/02/2013 04:00,7.74,102,4.39,7.38,153.4
165770,25/02/2013 04:10,7.79,103,5.27,8.4,153.4
165771,25/02/2013 04:20,7.76,106.1,4.8,7.12,153.4
165772,25/02/2013 04:30,7.75,109.2,4.46,6.72,153.4
165773,25/02/2013 04:40,7.79,104.3,4.08,6.2,153.4
165774,25/02/2013 04:50,7.82,105.9,3.96,5.65,153.4
165775,25/02/2013 05:00,7.79,119,4.38,6.72,153.4
165776,25/02/2013 05:10,7.77,111.6,4.21,6.07,153.4
165777,25/02/2013 05:20,7.81,111.7,4.44,6.2,153.4
165778,25/02/2013 05:30,7.79,115.3,4.16,6.1,153.4
165779,25/02/2013 05:40,7.84,112.2,4.31,6.37,153.4
165780,25/02/2013 05:50,7.83,109.5,4.01,6.37,153.4
165781,25/02/2013 06:00,7.72,108.9,4.06,5.97,153.4
165782,25/02/2013 06:10,7.71,106.8,4.09,6.17,153.4
165783,25/02/2013 06:20,7.71,113.1,4.03,5.94,153.4
165784,25/02/2013 06:30,7.64,109.8,3.39,5.35,153.4
165785,25/02/2013 06:40,7.61,115.7,3.88,5.42,153.4
165786,25/02/2013 06:50,7.71,123,3.85,5.52,153.4
165787,25/02/2013 07:00,7.72,128.9,4.08,6.1,153.4
165788,25/02/2013 07:10,7.71,126.9,3.44,5.35,153.4
165789,25/02/2013 07:20,7.73,131.3,3.23,4.96,153.4
165790,25/02/2013 07:30,7.67,137.2,2.81,4.8,153.4
165791,25/02/2013 07:40,7.68,126.2,2.42,4.21,153.4
165792,25/02/2013 07:50,7.67,131,2.99,4.67,153.4
165793,25/02/2013 08:00,7.66,144.1,2.68,4.41,153.4
165794,25/02/2013 08:10,7.76,146.4,1.86,3.72,153.4
165795,25/02/2013 08:20,7.79,149.8,1.41,4.6,153.4
165796,25/02/2013 08:30,7.9,165.5,1.7,4.54,153.4
165797,25/02/2013 08:40,7.99,175.1,2.09,5.16,153.4
165798,25/02/2013 08:50,7.95,206.7,0.93,4.11,153.4
165799,25/02/2013 09:00,7.98,29.8,0.64,1.63,153.4
165800,25/02/2013 09:10,7.88,88,1.57,2.54,154.1
165801,25/02/2013 09:20,7.91,98.3,2.54,3.72,154.1
165802,25/02/2013 09:30,7.82,94.7,0.74,2.58,154.1
165803,25/02/2013 09:40,7.87,100.1,1.12,1.99,154.1
165804,25/02/2013 09:50,7.7,85.3,1.59,2.48,154.1
165805,25/02/2013 10:00,7.49,82.8,1.98,2.74,154.1
165806,25/02/2013 10:10,7.46,91.4,2.27,2.84,154.1
165807,25/02/2013 10:20,7.59,84.5,1.71,2.38,154.1
165808,25/02/2013 10:30,7.55,74.2,1.76,2.97,154.1
165809,25/02/2013 10:40,7.44,66.2,2.43,3.23,154.1
165810,25/02/2013 10:50,7.54,76.6,2.19,2.77,154.1
165811,25/02/2013 11:00,7.5,71.7,2.35,2.84,154.1
165812,25/02/2013 11:10,7.63,67.1,2.66,3.52,154.1
165813,25/02/2013 11:20,7.68,82.2,2.66,3.59,154.1
165814,25/02/2013 11:30,7.56,74.4,3.14,4.14,154.1
165815,25/02/2013 11:40,7.64,65.3,3.28,4.21,154.1
165816,25/02/2013 11:50,7.57,66.2,3.57,4.31,154.1
165817,25/02/2013 12:00,7.7,66,3.49,4.63,154.1
165818,25/02/2013 12:10,7.65,71.4,3.71,4.5,154.1
165819,25/02/2013 12:20,7.66,71.2,3.68,4.93,154.1
165820,25/02/2013 12:30,7.74,71.7,3.22,4.11,154.1
165821,25/02/2013 12:40,7.68,64.7,3.06,3.88,154.1
165822,25/02/2013 12:50,7.6,65.1,3.36,3.95,154.1
165823,25/02/2013 13:00,7.66,71,3.04,3.95,154.1
165824,25/02/2013 13:10,7.78,63.7,3.25,4.21,154.1
165825,25/02/2013 13:20,7.89,60.7,2.76,3.78,154.1
165826,25/02/2013 13:30,8.05,70.1,2.57,3.88,154.1
165827,25/02/2013 13:40,7.79,80.6,2.68,3.65,154.1
165828,25/02/2013 13:50,7.88,74.6,2.66,3.75,154.1
165829,25/02/2013 14:00,8,72.2,2.73,3.92,154.1
165830,25/02/2013 14:10,8.03,76.8,2.25,3.43,154.1
165831,25/02/2013 14:20,7.95,88.7,2.02,2.87,154.1
165832,25/02/2013 14:30,7.92,97.8,1.89,2.87,154.1
165833,25/02/2013 14:40,7.82,110.1,1.95,2.87,154.1
165834,25/02/2013 14:50,7.75,106.3,2.03,2.67,154.1
165835,25/02/2013 15:00,7.88,81.8,1.88,2.74,154.1
165836,25/02/2013 15:10,7.91,77.5,2.16,3.33,154.1
165837,25/02/2013 15:20,7.88,80.4,1.91,2.74,154.1
165838,25/02/2013 15:30,7.83,81.5,2.1,2.84,154.1
165839,25/02/2013 15:40,7.87,74.8,2.04,2.77,154.1
165840,25/02/2013 15:50,7.95,69.8,2.04,2.71,154.1
165841,25/02/2013 16:00,7.91,84.4,2.67,3.95,154.1
165842,25/02/2013 16:10,7.9,87,2.94,3.95,154.1
165843,25/02/2013 16:20,7.87,88,2.78,3.72,154.1
165844,25/02/2013 16:30,7.89,86.5,3.06,3.88,154.1
165845,25/02/2013 16:40,7.92,84.4,2.59,3.78,154.1
165846,25/02/2013 16:50,7.89,82.2,2.65,3.49,154.1
165847,25/02/2013 17:00,7.95,72.6,3,3.92,154.1
165848,25/02/2013 17:10,7.89,73.2,2.96,3.85,154.1
165849,25/02/2013 17:20,7.94,67.1,2.87,3.65,154.1
165850,25/02/2013 17:30,7.9,66.3,3.08,3.72,154.1
165851,25/02/2013 17:40,8.01,66.4,3.18,4.01,154.1
165852,25/02/2013 17:50,8.06,70.4,2.87,3.78,154.1
165853,25/02/2013 18:00,8.12,67.9,2.91,4.18,154.1
165854,25/02/2013 18:10,8,77.7,2.88,4.05,154.1
165855,25/02/2013 18:20,8.08,73.8,2.92,4.01,154.1
165856,25/02/2013 18:30,8.04,72.2,2.74,3.82,154.1
165857,25/02/2013 18:40,8.03,77.8,2.64,3.92,154.1
165858,25/02/2013 18:50,8.08,77,2.43,3.36,154.1
165859,25/02/2013 19:00,8.04,75,2.42,3.23,154.1
165860,25/02/2013 19:10,8.16,83.5,2.77,4.01,154.1
165861,25/02/2013 19:20,8.13,65.4,2.48,3.07,154.1
165862,25/02/2013 19:30,8.1,68.5,2.78,3.62,154.1
165863,25/02/2013 19:40,8.05,71.7,2.7,3.16,154.1
165864,25/02/2013 19:50,7.88,75.3,2.61,3.23,154.1
165865,25/02/2013 20:00,7.46,83.6,2.49,3.29,154.1
165866,25/02/2013 20:10,7.87,62.9,2.54,3.16,154.1
165867,25/02/2013 20:20,7.74,64,2.59,3.13,154.1
165868,25/02/2013 20:30,7.36,67.5,2.74,3.82,154.1
165869,25/02/2013 20:40,7.69,72.5,3.03,3.88,154.1
165870,25/02/2013 20:50,7.86,66.3,2.69,3.59,154.1
165871,25/02/2013 21:00,8.01,69.9,2.36,3.2,154.1
165872,25/02/2013 21:10,7.94,79.7,2.56,3.52,154.1
165873,25/02/2013 21:20,7.78,68,2.68,3.56,154.1
165874,25/02/2013 21:30,7.85,67,2.7,3.78,154.1
165875,25/02/2013 21:40,7.87,65.3,2.8,3.43,154.1
165876,25/02/2013 21:50,8.06,73.3,2.53,3.69,154.1
165877,25/02/2013 22:00,8.12,73.5,2.75,3.62,154.1
165878,25/02/2013 22:10,8.11,67,3.08,3.92,154.1
165879,25/02/2013 22:20,8.05,75.7,3.08,3.98,154.1
165880,25/02/2013 22:30,7.95,73.1,2.64,3.36,154.1
165881,25/02/2013 22:40,8.08,71.2,3.01,3.88,154.1
165882,25/02/2013 22:50,8.12,71.8,2.66,3.95,154.1
165883,25/02/2013 23:00,8.14,69.2,3.4,4.76,154.1
165884,25/02/2013 23:10,8.19,69.6,2.61,4.21,154.1
165885,25/02/2013 23:20,8.19,70.5,3.13,3.95,154.1
165886,25/02/2013 23:30,8.33,68.4,3.07,4.27,154.1
165887,25/02/2013 23:40,8.2,70.1,2.67,3.75,154.1
165888,25/02/2013 23:50,8.17,76.2,2.6,3.43,154.1
165889,26/02/2013 00:00,8.2,70.1,2.62,3.65,154.1
165890,26/02/2013 00:10,8.19,67.5,2.64,3.29,154.1
165891,26/02/2013 00:20,8.3,78.2,2.67,3.49,154.1
165892,26/02/2013 00:30,8.28,84.8,2.4,3.52,154.1
165893,26/02/2013 00:40,8.25,80.1,2.29,3.1,154.1
165894,26/02/2013 00:50,8.34,70.1,2.58,3.69,154.1
165895,26/02/2013 01:00,8.23,71.6,3.09,4.14,154.1
165896,26/02/2013 01:10,8.46,66.9,2.8,4.01,154.1
165897,26/02/2013 01:20,8.43,74.8,2.47,3.52,154.1
165898,26/02/2013 01:30,8.19,83.7,2.28,3.46,154.1
165899,26/02/2013 01:40,8.23,74.1,2.25,3.26,154.1
165900,26/02/2013 01:50,8.36,67.5,2.47,3.65,154.1
165901,26/02/2013 02:00,8.36,72.2,2.97,4.21,154.1
165902,26/02/2013 02:10,8.22,72.7,2.94,4.27,154.1
165903,26/02/2013 02:20,8.19,71.3,2.57,3.39,154.1
165904,26/02/2013 02:30,8.16,73.4,2.32,3.03,154.1
165905,26/02/2013 02:40,8.23,66.6,2.61,3.43,154.1
165906,26/02/2013 02:50,8.21,70.7,2.73,3.46,154.1
165907,26/02/2013 03:00,8.25,67.4,3.02,3.95,154.1
165908,26/02/2013 03:10,8.32,74.1,2.49,3.56,154.1
165909,26/02/2013 03:20,8.17,87.5,1.87,2.9,154.1
165910,26/02/2013 03:30,8.23,85.7,2.18,3.13,154.1
165911,26/02/2013 03:40,8.14,106.3,2.25,3.16,154.1
165912,26/02/2013 03:50,8.12,114,2.62,3.78,154.1
165913,26/02/2013 04:00,8.2,114,3.08,4.76,154.1
165914,26/02/2013 04:10,8.27,116.7,3.62,5.74,154.1
165915,26/02/2013 04:20,8.37,124.1,3.77,5.58,154.1
165916,26/02/2013 04:30,8.24,125.9,3.71,5.32,154.1
165917,26/02/2013 04:40,8.16,126.3,3.75,5.45,154.1
165918,26/02/2013 04:50,8.12,127.8,3.79,5.61,154.1
165919,26/02/2013 05:00,8.32,140.6,3.79,5.61,154.1
165920,26/02/2013 05:10,8.25,144.7,3,5.25,154.1
165921,26/02/2013 05:20,8.23,147,3.75,5.81,154.1
165922,26/02/2013 05:30,8.2,140.3,4.04,6.07,154.1
165923,26/02/2013 05:40,8.14,138.4,3.51,5.35,154.1
165924,26/02/2013 05:50,8.11,140.9,3.38,5.22,154.1
165925,26/02/2013 06:00,8.03,138.4,3.36,4.96,154.1
165926,26/02/2013 06:10,7.95,136.2,3.18,4.6,154.1
165927,26/02/2013 06:20,7.88,137.1,3.09,5.09,154.1
165928,26/02/2013 06:30,7.8,133.8,3.23,4.99,154.1
165929,26/02/2013 06:40,7.86,131.5,3.23,5.12,154.1
165930,26/02/2013 06:50,7.79,128.5,3.14,4.8,154.1
165931,26/02/2013 07:00,7.77,123.2,2.96,4.63,154.1
165932,26/02/2013 07:10,7.85,128.7,3.56,5.68,154.1
165933,26/02/2013 07:20,7.98,127.3,3.96,5.81,154.1
165934,26/02/2013 07:30,7.92,125.5,3.75,5.74,154.1
165935,26/02/2013 07:40,7.93,116.7,3.72,4.96,154.1
165936,26/02/2013 07:50,8.05,123.4,4.39,7.15,154.1
165937,26/02/2013 08:00,7.99,124.3,4.89,7.18,154.1
165938,26/02/2013 08:10,8.03,121,4.94,7.74,154.1
165939,26/02/2013 08:20,7.99,123.3,4.53,6.46,154.1
165940,26/02/2013 08:30,7.85,127.2,5.04,8.72,154.1
165941,26/02/2013 08:40,7.83,128.4,4.56,6.95,154.1
165942,26/02/2013 08:50,7.81,128.7,4.62,6.76,154.1
165943,26/02/2013 09:00,7.75,128.8,4.64,6.59,154.1
165944,26/02/2013 09:10,7.86,130.7,5.22,8.43,8.9
165945,26/02/2013 09:20,7.81,130.1,5.4,7.7,8.9
165946,26/02/2013 09:30,7.8,128.4,5.14,7.02,8.9
165947,26/02/2013 09:40,7.81,129.9,5.42,7.15,8.9
165948,26/02/2013 09:50,7.84,130.4,5.29,8.56,8.9
165949,26/02/2013 10:00,7.74,129.8,5.4,7.97,8.9
165950,26/02/2013 10:10,7.77,129.2,5.23,7.7,8.9
165951,26/02/2013 10:20,7.76,127.4,5.49,7.97,8.9
165952,26/02/2013 10:30,7.77,131,5.16,7.84,8.9
165953,26/02/2013 10:40,7.78,132.5,5.36,8.43,8.9
165954,26/02/2013 10:50,7.73,132.3,4.87,6.92,8.9
165955,26/02/2013 11:00,7.83,133.8,5.44,9.51,8.9
165956,26/02/2013 11:10,7.81,138.6,5.2,7.9,8.9
165957,26/02/2013 11:20,7.82,140.1,5.37,8.13,8.9
165958,26/02/2013 11:30,7.82,141.8,5.17,7.67,8.9
165959,26/02/2013 11:40,7.77,144.9,5.08,7.64,8.9
165960,26/02/2013 11:50,7.74,151.7,5.14,9.6,8.9
165961,26/02/2013 12:00,7.67,154.3,4.38,7.93,8.9
165962,26/02/2013 12:10,7.74,161,3.91,7.54,8.9
165963,26/02/2013 12:20,7.96,174.2,4.28,8.95,8.9
165964,26/02/2013 12:30,7.98,193.1,6.58,10.52,8.9
165965,26/02/2013 12:40,7.44,217.9,5.08,10.75,8.9
165966,26/02/2013 12:50,7.31,214.4,2.59,4.9,8.9
165967,26/02/2013 13:00,7.22,203.4,1.77,2.97,8.9
165968,26/02/2013 13:10,7.26,223.2,4.72,7.97,8.9
165969,26/02/2013 13:20,7.22,223.4,4.23,6.4,8.9
165970,26/02/2013 13:30,7.39,211.1,3.27,5.03,8.9
165971,26/02/2013 13:40,7.4,194.8,3.03,4.99,8.9
165972,26/02/2013 13:50,7.27,211,3.15,7.08,8.9
165973,26/02/2013 14:00,7.35,227.2,4.1,6.37,8.9
165974,26/02/2013 14:10,7.47,232.2,4.64,6.89,8.9
165975,26/02/2013 14:20,7.55,226.7,4.9,9.31,8.9
165976,26/02/2013 14:30,8.29,228.1,6.09,8.75,8.9
165977,26/02/2013 14:40,8.1,232.4,5.97,8,8.9
165978,26/02/2013 14:50,7.96,227.5,4.85,7.15,8.9
165979,26/02/2013 15:00,7.7,218.6,5.2,7.44,8.9
165980,26/02/2013 15:10,7.24,213.7,5.06,7.12,8.9
165981,26/02/2013 15:20,7.35,215.4,3.55,6.79,8.9
165982,26/02/2013 15:30,7.49,213.1,4.53,6.95,8.9
165983,26/02/2013 15:40,7.48,217.4,4.48,7.21,8.9
165984,26/02/2013 15:50,7.46,221.3,4.68,6.89,8.9
165985,26/02/2013 16:00,7.43,211.8,3.99,6.27,8.9
165986,26/02/2013 16:10,7.4,197.6,3.79,6.4,8.9
165987,26/02/2013 16:20,7.46,193.6,3.79,5.97,8.9
165988,26/02/2013 16:30,7.42,192.5,4.34,6.59,8.9
165989,26/02/2013 16:40,7.42,186.9,4.09,6.37,8.9
165990,26/02/2013 16:50,7.42,190.7,4.67,6.79,8.9
165991,26/02/2013 17:00,7.3,177.2,4.35,6.99,8.9
165992,26/02/2013 17:10,7.26,173.1,4.41,7.08,8.9
165993,26/02/2013 17:20,7.22,168.9,4.93,8.49,8.9
165994,26/02/2013 17:30,4.55,203.8,5.21,10.94,8.9
165995,26/02/2013 17:40,4.98,235.5,4.39,6.82,8.9
165996,26/02/2013 17:50,5.29,216.4,3.3,5.61,8.9
165997,26/02/2013 18:00,5.62,215.7,4.09,7.54,8.9
165998,26/02/2013 18:10,5.42,211.7,4.04,6.33,8.9
165999,26/02/2013 18:20,5.12,204.3,2.29,4.63,8.9
166000,26/02/2013 18:30,4.86,184.6,1.19,2.64,8.9
166001,26/02/2013 18:40,4.8,117.1,0.86,1.92,8.9
166002,26/02/2013 18:50,4.94,62.1,1.1,2.09,8.9
166003,26/02/2013 19:00,5.01,141,0.99,2.35,8.9
166004,26/02/2013 19:10,5.19,159,1.52,3.75,8.9
166005,26/02/2013 19:20,5.23,161.4,1.49,3.39,8.9
166006,26/02/2013 19:30,5.33,161,0.77,2.12,8.9
166007,26/02/2013 19:40,5.32,161.6,0.57,1.43,8.9
166008,26/02/2013 19:50,5.49,157.9,1.31,3.29,8.9
166009,26/02/2013 20:00,5.59,162.2,1.85,3.29,8.9
166010,26/02/2013 20:10,5.6,156.3,2.32,3.78,8.9
166011,26/02/2013 20:20,5.58,166.5,2.34,4.08,8.9
166012,26/02/2013 20:30,5.62,169.3,2.39,4.14,8.9
166013,26/02/2013 20:40,5.42,159.1,1.82,3.2,8.9
166014,26/02/2013 20:50,5.39,147.2,1.09,2.48,8.9
166015,26/02/2013 21:00,5.43,121.9,0.78,1.96,8.9
166016,26/02/2013 21:10,5.26,165.9,2.19,4.5,8.9
166017,26/02/2013 21:20,4.94,186.8,2.6,5.91,8.9
166018,26/02/2013 21:30,4.78,178.1,1.28,3.07,8.9
166019,26/02/2013 21:40,4.7,133.2,0.42,1.56,8.9
166020,26/02/2013 21:50,4.51,60.2,2.29,3.2,8.9
166021,26/02/2013 22:00,4.82,62.8,1.79,3.07,8.9
166022,26/02/2013 22:10,5.26,141.2,2.32,4.47,8.9
166023,26/02/2013 22:20,5.33,150.1,3.43,5.16,8.9
166024,26/02/2013 22:30,5.27,153.6,2.03,4.99,8.9
166025,26/02/2013 22:40,5.13,156.9,1.63,3.07,8.9
166026,26/02/2013 22:50,5.18,138.4,1.85,3,8.9
166027,26/02/2013 23:00,4.98,146,0.56,1.79,8.9
166028,26/02/2013 23:10,5,206.7,1.02,2.67,8.9
166029,26/02/2013 23:20,5.27,186.7,2.25,3.46,8.9
166030,26/02/2013 23:30,5.24,159.7,1.87,3.72,8.9
166031,26/02/2013 23:40,5.41,153.2,3.14,5.16,8.9
166032,26/02/2013 23:50,4.86,198.2,4.59,9.24,8.9
166033,27/02/2013 00:00,4.42,205.8,3.36,7.77,8.9
166034,27/02/2013 00:10,4.29,264.2,0.6,1.86,8.9
166035,27/02/2013 00:20,4.49,31.2,1.01,1.89,8.9
166036,27/02/2013 00:30,4.67,64.6,2.4,3.98,8.9
166037,27/02/2013 00:40,5.23,45.8,2.26,3.95,8.9
166038,27/02/2013 00:50,5.53,129.9,2.9,4.99,8.9
166039,27/02/2013 01:00,5.78,174.6,3.71,9.02,8.9
166040,27/02/2013 01:10,5.39,229.7,4.65,7.35,8.9
166041,27/02/2013 01:20,5.15,254.8,2.19,4.41,8.9
166042,27/02/2013 01:30,5.05,322.5,0.51,1.37,8.9
166043,27/02/2013 01:40,4.74,52,1.43,1.86,8.9
166044,27/02/2013 01:50,4.88,62.8,2.43,3.75,8.9
166045,27/02/2013 02:00,5.33,98.8,3.79,5.03,8.9
166046,27/02/2013 02:10,5.15,156.5,3.96,9.24,8.9
166047,27/02/2013 02:20,4.71,245.8,3.84,8.72,8.9
166048,27/02/2013 02:30,4.66,279.6,0.99,3.98,8.9
166049,27/02/2013 02:40,4.49,65.1,0.65,1.96,8.9
166050,27/02/2013 02:50,4.33,75.7,1.73,2.41,8.9
166051,27/02/2013 03:00,4.42,75.8,1.9,3.52,8.9
166052,27/02/2013 03:10,4.59,80.9,2.4,3.36,8.9
166053,27/02/2013 03:20,4.47,73.6,2.3,2.9,8.9
166054,27/02/2013 03:30,4.5,44.1,2.02,2.74,8.9
166055,27/02/2013 03:40,5.06,42.4,1.71,3.07,8.9
166056,27/02/2013 03:50,4.92,66.1,2.22,3.23,8.9
166057,27/02/2013 04:00,4.81,60.6,2.07,3.13,8.9
166058,27/02/2013 04:10,4.71,63.4,2.52,3.2,8.9
166059,27/02/2013 04:20,4.83,59.4,2.71,4.05,8.9
166060,27/02/2013 04:30,5.3,92.7,1.65,3.52,8.9
166061,27/02/2013 04:40,5.39,190.3,1.34,4.41,8.9
166062,27/02/2013 04:50,5.51,209.8,0.85,2.31,8.9
166063,27/02/2013 05:00,5.33,196.8,2.16,3.72,8.9
166064,27/02/2013 05:10,5.39,199.3,1.32,3.33,8.9
166065,27/02/2013 05:20,5.43,208.8,2.86,4.76,8.9
166066,27/02/2013 05:30,5.23,227,1.22,2.58,8.9
166067,27/02/2013 05:40,5.21,228,0.79,2.31,8.9
166068,27/02/2013 05:50,5.14,208.7,1.3,2.51,8.9
166069,27/02/2013 06:00,5.01,207.9,0.97,1.96,8.9
166070,27/02/2013 06:10,4.89,181.7,0.86,2.67,8.9
166071,27/02/2013 06:20,4.91,208,2.36,4.11,8.9
166072,27/02/2013 06:30,4.85,206.4,2.15,3.59,8.9
166073,27/02/2013 06:40,4.76,171.2,1.48,2.45,8.9
166074,27/02/2013 06:50,4.7,188.5,2.03,3.26,8.9
166075,27/02/2013 07:00,4.6,178.1,1.78,2.74,8.9
166076,27/02/2013 07:10,4.46,145,1.75,2.64,8.9
166077,27/02/2013 07:20,4.21,144.5,1.75,2.41,8.9
166078,27/02/2013 07:30,4,155.8,0.43,1.47,8.9
166079,27/02/2013 07:40,3.99,35.6,0.02,0.42,8.9
166080,27/02/2013 07:50,4.04,20.9,0.02,0.39,8.9
166081,27/02/2013 08:00,4.01,53.4,0.27,0.58,8.9
166082,27/02/2013 08:10,3.99,55.6,0.61,1.56,8.9
166083,27/02/2013 08:20,3.99,71,1.2,1.66,8.9
166084,27/02/2013 08:30,3.92,60,1.43,2.15,8.9
166085,27/02/2013 08:40,4.03,91.2,1.61,2.28,8.9
166086,27/02/2013 08:50,4.01,67.8,0.96,2.02,8.9
166087,27/02/2013 09:00,4.13,51,1.8,2.38,8.9
166088,27/02/2013 09:10,4.21,65.2,2.2,2.74,0.2
166089,27/02/2013 09:20,4.11,86.8,1.88,2.77,0.2
166090,27/02/2013 09:30,4.25,82.1,1.75,2.64,0.2
166091,27/02/2013 09:40,4.29,93.9,1.34,2.09,0.2
166092,27/02/2013 09:50,4.4,55.5,1.96,2.67,0.2
166093,27/02/2013 10:00,4.66,116.2,0.78,2.09,0.2
166094,27/02/2013 10:10,4.82,138.4,1.81,3.39,0.2
166095,27/02/2013 10:20,4.91,145,1.82,3.56,0.2
166096,27/02/2013 10:30,5.1,117,2.01,3.95,0.2
166097,27/02/2013 10:40,5.13,152.1,2.22,3.85,0.2
166098,27/02/2013 10:50,5.11,135.8,2.93,4.67,0.2
166099,27/02/2013 11:00,5.22,178.7,2.04,3.88,0.2
166100,27/02/2013 11:10,5.24,190.4,1.09,3.26,0.2
166101,27/02/2013 11:20,5.31,211.4,1.71,3.49,0.2
166102,27/02/2013 11:30,5.46,235.8,2.75,4.37,0.2
166103,27/02/2013 11:40,5.58,237.6,2.79,6.2,0.2
166104,27/02/2013 11:50,5.71,237.8,4.3,5.94,0.2
166105,27/02/2013 12:00,5.91,243.5,3.9,6.07,0.2
166106,27/02/2013 12:10,6.55,236.5,4.68,7.54,0.2
166107,27/02/2013 12:20,6.09,240.2,5.23,7.87,0.2
166108,27/02/2013 12:30,5.83,230.3,4.17,7.08,0.2
166109,27/02/2013 12:40,5.87,224.3,3.01,4.54,0.2
166110,27/02/2013 12:50,5.92,236,5.73,8.75,0.2
166111,27/02/2013 13:00,5.76,236.8,5,7.48,0.2
166112,27/02/2013 13:10,6.01,231.4,3.92,5.84,0.2
166113,27/02/2013 13:20,6.24,234.2,1.97,4.37,0.2
166114,27/02/2013 13:30,6.46,230.7,1.26,2.58,0.2
166115,27/02/2013 13:40,6.33,236.3,3.45,5.81,0.2
166116,27/02/2013 13:50,6.66,234.4,5.94,10.19,0.2
166117,27/02/2013 14:00,6.65,229.6,7,9.96,0.2
166118,27/02/2013 14:10,6.67,238.5,7.59,9.93,0.2
166119,27/02/2013 14:20,6.7,237.4,6.58,10.09,0.2
166120,27/02/2013 14:30,6.73,227.4,6.31,9.9,0.2
166121,27/02/2013 14:40,6.57,231.3,6.77,10.78,0.2
166122,27/02/2013 14:50,6.36,231.8,7.48,10.52,0.2
166123,27/02/2013 15:00,6.15,232.8,7.84,11.43,0.2
166124,27/02/2013 15:10,6.04,235.1,8.02,11.76,0.2
166125,27/02/2013 15:20,6.05,237.1,7.62,11.07,0.2
166126,27/02/2013 15:30,5.96,237.8,7.89,10.85,0.2
166127,27/02/2013 15:40,5.93,239.7,7.73,11.27,0.2
166128,27/02/2013 15:50,5.84,236.1,7.17,9.57,0.2
166129,27/02/2013 16:00,5.67,229,6.95,10.29,0.2
166130,27/02/2013 16:10,5.59,235.7,6.38,9.64,0.2
166131,27/02/2013 16:20,5.92,233.3,6.5,9.47,0.2
166132,27/02/2013 16:30,5.94,234.6,7.11,9.7,0.2
166133,27/02/2013 16:40,5.82,238.8,8.13,11.2,0.2
166134,27/02/2013 16:50,5.74,240.9,7.5,9.96,0.2
166135,27/02/2013 17:00,5.64,236.4,6.97,9.77,0.2
166136,27/02/2013 17:10,5.56,228.5,6.63,8.92,0.2
166137,27/02/2013 17:20,5.29,215.5,5.79,7.84,0.2
166138,27/02/2013 17:30,5.27,217.7,5.05,7.48,0.2
166139,27/02/2013 17:40,5.24,229.1,5.11,7.44,0.2
166140,27/02/2013 17:50,5.18,236.9,4.55,6.23,0.2
166141,27/02/2013 18:00,5.11,255,3.51,5.94,0.2
166142,27/02/2013 18:10,5.22,263.8,3.03,7.28,0.2
166143,27/02/2013 18:20,5.07,251.7,4.02,7.48,0.2
166144,27/02/2013 18:30,5.09,246.3,5.84,8.43,0.2
166145,27/02/2013 18:40,4.85,250.4,4.67,6.59,0.2
166146,27/02/2013 18:50,4.67,259.3,3.87,6.14,0.2
166147,27/02/2013 19:00,4.46,254.4,3.62,5.48,0.2
166148,27/02/2013 19:10,4.07,244.7,3.88,5.52,0.2
166149,27/02/2013 19:20,3.92,244.3,4.91,8.85,0.2
166150,27/02/2013 19:30,3.92,243.2,4.78,7.18,0.2
166151,27/02/2013 19:40,4.29,247,3.64,5.16,0.2
166152,27/02/2013 19:50,4.45,261.8,4.14,7.38,0.2
166153,27/02/2013 20:00,4.41,280.3,3.74,6.17,0.2
166154,27/02/2013 20:10,4.16,249.4,3.1,5.58,0.2
166155,27/02/2013 20:20,3.78,198.8,2.32,3.72,0.2
166156,27/02/2013 20:30,3.87,226.2,1.48,3.07,0.2
166157,27/02/2013 20:40,3.59,45,1.27,2.41,0.2
166158,27/02/2013 20:50,3.73,33.4,1.34,2.22,0.2
166159,27/02/2013 21:00,3.67,63,1.17,1.79,0.2
166160,27/02/2013 21:10,3.47,165.3,0.27,0.84,0.2
166161,27/02/2013 21:20,3.47,342.2,1.04,1.66,0.2
166162,27/02/2013 21:30,3.21,236.4,0.45,1.43,0.2
166163,27/02/2013 21:40,3.44,17.1,0.72,1.47,0.2
166164,27/02/2013 21:50,3.48,305.7,1.26,3,0.2
166165,27/02/2013 22:00,4.73,281.2,4.56,8.4,0.2
166166,27/02/2013 22:10,4.15,283.6,6.18,11.17,0.2
166167,27/02/2013 22:20,4.18,288,6.34,10.45,0.2
166168,27/02/2013 22:30,3.87,288.3,6.03,8.85,0.2
166169,27/02/2013 22:40,3.93,285.3,5.36,9.9,0.2
166170,27/02/2013 22:50,4.04,295.9,2.13,5.97,0.2
166171,27/02/2013 23:00,3.79,264.5,0.82,2.64,0.2
166172,27/02/2013 23:10,3.07,234.9,1.97,3.1,0.2
166173,27/02/2013 23:20,2.93,272.8,1.79,3.2,0.2
166174,27/02/2013 23:30,3.42,297.1,2.73,4.47,0.2
166175,27/02/2013 23:40,3.61,320.2,2.9,4.31,0.2
166176,27/02/2013 23:50,3.35,305.7,1.94,3.88,0.2
166177,28/02/2013 00:00,3.61,319.4,3.13,5.35,0.2
166178,28/02/2013 00:10,3.4,314.3,2.32,4.01,0.2
166179,28/02/2013 00:20,3.84,311.3,2.73,5.48,0.2
166180,28/02/2013 00:30,3.76,328.6,3.36,6.17,0.2
166181,28/02/2013 00:40,3.22,308.9,1.27,3.2,0.2
166182,28/02/2013 00:50,3.23,335.8,1.78,4.08,0.2
166183,28/02/2013 01:00,3.94,340.6,3.59,6.43,0.2
166184,28/02/2013 01:10,4.13,345.6,3.09,5.71,0.2
166185,28/02/2013 01:20,2.54,299.5,1.65,3.2,0.2
166186,28/02/2013 01:30,2.9,291.4,1.08,3,0.2
166187,28/02/2013 01:40,2.09,284.9,2.27,3.69,0.2
166188,28/02/2013 01:50,3.04,315,3.61,5.19,0.2
166189,28/02/2013 02:00,4.68,10.2,2.73,5.06,0.2
166190,28/02/2013 02:10,4.62,16.5,3.03,7.21,0.2
166191,28/02/2013 02:20,4.29,358.3,1.51,3.29,0.2
166192,28/02/2013 02:30,4.01,305.6,3.21,5.09,0.2
166193,28/02/2013 02:40,2.05,236.7,2.71,3.85,0.2
166194,28/02/2013 02:50,1.59,253.7,2.78,4.54,0.2
166195,28/02/2013 03:00,1.97,288.8,1.52,3.56,0.2
166196,28/02/2013 03:10,1.28,216.5,1.2,2.74,0.2
166197,28/02/2013 03:20,1.78,356.6,1.89,3.03,0.2
166198,28/02/2013 03:30,2.21,43.7,2.19,3.26,0.2
166199,28/02/2013 03:40,1.2,78.4,4.21,5.39,0.2
166200,28/02/2013 03:50,2.18,45.1,3.39,4.54,0.2
166201,28/02/2013 04:00,1.78,50.6,3.12,3.98,0.2
166202,28/02/2013 04:10,1.69,27.9,1.62,2.71,0.2
166203,28/02/2013 04:20,0.42,192.9,1.11,2.02,0.2
166204,28/02/2013 04:30,1.6,108.5,3.12,6.27,0.2
166205,28/02/2013 04:40,0.71,70.7,0.55,1.63,0.2
166206,28/02/2013 04:50,0.67,65.3,1.5,2.48,0.2
166207,28/02/2013 05:00,1.61,46.7,2.11,3.39,0.2
166208,28/02/2013 05:10,0.37,71.8,2.8,4.31,0.2
166209,28/02/2013 05:20,1.32,72.4,2.61,4.21,0.2
166210,28/02/2013 05:30,1.49,81.7,3.14,4.63,0.2
166211,28/02/2013 05:40,0.45,94.8,3.1,4.54,0.2
166212,28/02/2013 05:50,0.16,53.6,2.25,3.2,0.2
166213,28/02/2013 06:00,-0.36,44.7,1.04,2.35,0.2
166214,28/02/2013 06:10,-0.63,121.3,0.76,2.22,0.2
166215,28/02/2013 06:20,-0.19,303.8,1.23,2.58,0.2
166216,28/02/2013 06:30,0.23,305.2,1.44,2.48,0.2
166217,28/02/2013 06:40,0.43,296.4,0.79,2.77,0.2
166218,28/02/2013 06:50,-0.15,25.1,0.58,1.4,0.2
166219,28/02/2013 07:00,0.17,344.9,1.79,2.94,0.2
166220,28/02/2013 07:10,-0.73,142.2,2.45,4.27,0.2
166221,28/02/2013 07:20,-0.78,44.5,0.69,2.09,0.2
166222,28/02/2013 07:30,-1.43,40.9,0.83,1.79,0.2
166223,28/02/2013 07:40,-1.28,38.8,1.24,1.89,0.2
166224,28/02/2013 07:50,-1.64,343.8,1.24,2.12,0.2
166225,28/02/2013 08:00,-1.55,142.2,1.29,6.4,0.2
166226,28/02/2013 08:10,-0.02,297.3,1.92,4.5,0.2
166227,28/02/2013 08:20,-0.82,80,0.78,2.97,0.2
166228,28/02/2013 08:30,-1.12,78.1,2.44,3.72,0.2
166229,28/02/2013 08:40,-0.73,73.8,2.97,4.5,0.2
166230,28/02/2013 08:50,-0.28,54.3,2.41,3.26,0.2
166231,28/02/2013 09:00,0,61.9,2.46,3.36,0.2
166232,28/02/2013 09:10,-0.13,81.4,1.65,2.54,1.9
166233,28/02/2013 09:20,-0.32,110.5,0.65,1.3,1.9
166234,28/02/2013 09:30,0.49,115.2,0.86,1.73,1.9
166235,28/02/2013 09:40,0.32,104,0.67,1.5,1.9
166236,28/02/2013 09:50,0.92,62.5,1.8,2.22,1.9
166237,28/02/2013 10:00,1.8,62.9,2.58,3.36,1.9
166238,28/02/2013 10:10,1.95,72.4,3.79,4.31,1.9
166239,28/02/2013 10:20,2.98,76.1,3.65,5.03,1.9
166240,28/02/2013 10:30,4.31,70.7,3.77,5.06,1.9
166241,28/02/2013 10:40,5.25,69.7,2.62,4.08,1.9
166242,28/02/2013 10:50,4.69,81.5,2.23,3.07,1.9
166243,28/02/2013 11:00,4.74,76.4,2.46,4.11,1.9
166244,28/02/2013 11:10,5.45,64.8,2.81,3.85,1.9
166245,28/02/2013 11:20,5.54,78.8,2.58,3.36,1.9
166246,28/02/2013 11:30,5.25,86.6,1.81,2.41,1.9
166247,28/02/2013 11:40,5.56,93.1,1.99,2.8,1.9
166248,28/02/2013 11:50,6.11,110.2,1.72,2.54,1.9
166249,28/02/2013 12:00,6.08,194.3,1.4,2.35,1.9
166250,28/02/2013 12:10,6.51,260.3,2.17,3.56,1.9
166251,28/02/2013 12:20,5.73,280.2,2.97,4.41,1.9
166252,28/02/2013 12:30,6.01,286.3,4.44,6.56,1.9
166253,28/02/2013 12:40,5.77,290.3,5.16,6.69,1.9
166254,28/02/2013 12:50,5.97,296.5,4.86,6.82,1.9
166255,28/02/2013 13:00,5.76,300.3,5.14,7.08,1.9
166256,28/02/2013 13:10,5.45,298.7,4.83,7.38,1.9
166257,28/02/2013 13:20,5.66,301.6,4.85,7.9,1.9
166258,28/02/2013 13:30,5.52,309.5,5.23,7.44,1.9
166259,28/02/2013 13:40,6.02,309.1,5.09,6.89,1.9
166260,28/02/2013 13:50,6.29,308.9,4.62,7.08,1.9
166261,28/02/2013 14:00,6.74,315.2,3.35,6.2,1.9
166262,28/02/2013 14:10,6.17,305,4.01,5.65,1.9
166263,28/02/2013 14:20,6.39,302.5,2.1,4.05,1.9
166264,28/02/2013 14:30,6.39,304,1.62,3.33,1.9
166265,28/02/2013 14:40,6.2,79.2,1.66,3.03,1.9
166266,28/02/2013 14:50,6.35,72.8,1.92,2.58,1.9
166267,28/02/2013 15:00,6.7,94.9,0.77,1.86,1.9
166268,28/02/2013 15:10,6.63,60.3,0.56,1.2,1.9
166269,28/02/2013 15:20,6.47,280.1,1.02,2.54,1.9
166270,28/02/2013 15:30,5.89,67.7,2.29,3.16,1.9
166271,28/02/2013 15:40,5.93,66.7,1.65,2.25,1.9
166272,28/02/2013 15:50,6.08,68.6,1.46,1.92,1.9
166273,28/02/2013 16:00,5.98,67.7,1.68,2.28,1.9
166274,28/02/2013 16:10,6.03,75.7,1.65,2.41,1.9
166275,28/02/2013 16:20,5.86,70.3,1.84,2.54,1.9
166276,28/02/2013 16:30,5.43,59.2,2.72,3.33,1.9
166277,28/02/2013 16:40,5.86,59.8,2.35,3.36,1.9
166278,28/02/2013 16:50,5.74,58.4,2.71,3.78,1.9
166279,28/02/2013 17:00,5.68,57.2,1.71,2.64,1.9
166280,28/02/2013 17:10,5.61,60.5,2.27,2.94,1.9
166281,28/02/2013 17:20,5.46,51.7,2.72,3.56,1.9
166282,28/02/2013 17:30,5.25,59.4,2.85,4.05,1.9
166283,28/02/2013 17:40,5.09,60.8,2.39,3.13,1.9
166284,28/02/2013 17:50,4.97,66.6,2.47,3.23,1.9
166285,28/02/2013 18:00,4.85,74.6,2.36,3.03,1.9
166286,28/02/2013 18:10,4.68,82.1,2.06,2.77,1.9
166287,28/02/2013 18:20,4.62,86.1,1.78,2.77,1.9
166288,28/02/2013 18:30,4.52,88.9,1.31,1.96,1.9
166289,28/02/2013 18:40,4.29,74,0.78,1.6,1.9
166290,28/02/2013 18:50,4.28,46.8,1.04,1.56,1.9
166291,28/02/2013 19:00,3.94,67.2,1.49,1.69,1.9
166292,28/02/2013 19:10,3.96,36.9,0.98,1.66,1.9
166293,28/02/2013 19:20,3.55,18.9,0.09,0.45,1.9
166294,28/02/2013 19:30,3.63,291.5,0.44,2.22,1.9
166295,28/02/2013 19:40,3.91,265.3,0.61,1.66,1.9
166296,28/02/2013 19:50,4.19,283.9,1.76,3.82,1.9
166297,28/02/2013 20:00,4.22,290.6,2.14,3.98,1.9
166298,28/02/2013 20:10,4.25,305.7,2.23,3.78,1.9
166299,28/02/2013 20:20,4.29,300.7,2.21,3.26,1.9
166300,28/02/2013 20:30,4.25,307.1,1.72,2.41,1.9
166301,28/02/2013 20:40,4.27,319.5,1.42,2.58,1.9
166302,28/02/2013 20:50,4.24,330.3,1.53,2.48,1.9
166303,28/02/2013 21:00,4.16,347.2,1.01,1.92,1.9
166304,28/02/2013 21:10,4.11,3.4,1.49,2.38,1.9
166305,28/02/2013 21:20,4.11,10.6,2.01,2.94,1.9
166306,28/02/2013 21:30,4.12,8.7,2.2,2.87,1.9
166307,28/02/2013 21:40,4.09,14.7,2.48,3.13,1.9
166308,28/02/2013 21:50,4.03,17.5,2.2,3,1.9
166309,28/02/2013 22:00,3.79,39.5,1.68,2.31,1.9
166310,28/02/2013 22:10,3.47,56.2,1.54,2.38,1.9
166311,28/02/2013 22:20,3.56,358.4,0.59,2.05,1.9
166312,28/02/2013 22:30,3.77,333.5,1.44,2.02,1.9
166313,28/02/2013 22:40,3.74,323.2,0.92,1.56,1.9
166314,28/02/2013 22:50,3.64,265.4,0.61,1.27,1.9
166315,28/02/2013 23:00,3.54,258.8,0.69,1.33,1.9
166316,28/02/2013 23:10,3.44,86.7,0.32,0.98,1.9
166317,28/02/2013 23:20,3.14,81.7,1.44,2.45,1.9
166318,28/02/2013 23:30,2.94,49.5,1.1,1.76,1.9
166319,28/02/2013 23:40,2.85,293.7,0.25,0.75,1.9
166320,28/02/2013 23:50,2.76,235.6,0.76,1.56,1.9
166321,01/03/2013 00:00,2.82,240.6,0.5,1.56,1.9
166322,01/03/2013 00:10,2.85,84.4,0.93,2.05,1.9
166323,01/03/2013 00:20,2.94,62.4,0.51,1.07,1.9
166324,01/03/2013 00:30,3.2,44.5,1.03,1.73,1.9
166325,01/03/2013 00:40,3.65,18.6,0.89,1.73,1.9
166326,01/03/2013 00:50,3.34,194.9,0.41,1.04,1.9
166327,01/03/2013 01:00,3.43,308.2,0.51,1.47,1.9
166328,01/03/2013 01:10,3.47,86.2,0.53,1.76,1.9
166329,01/03/2013 01:20,3.44,72.5,1.49,1.96,1.9
166330,01/03/2013 01:30,3.48,66.1,1.71,2.15,1.9
166331,01/03/2013 01:40,3.56,51.1,1.27,2.25,1.9
166332,01/03/2013 01:50,3.66,47.5,0.94,1.53,1.9
166333,01/03/2013 02:00,3.74,275.9,1.21,2.64,1.9
166334,01/03/2013 02:10,4.13,46.3,0.49,1.47,1.9
166335,01/03/2013 02:20,4.79,49,1.74,2.35,1.9
166336,01/03/2013 02:30,3.85,112.7,1.39,2.51,1.9
166337,01/03/2013 02:40,3.78,72.8,1.1,1.56,1.9
166338,01/03/2013 02:50,3.8,0.2,0.39,1.24,1.9
166339,01/03/2013 03:00,4.57,61.8,1.35,2.9,1.9
166340,01/03/2013 03:10,4.66,64.9,1.04,2.58,1.9
166341,01/03/2013 03:20,5.03,60.1,2.71,3.92,1.9
166342,01/03/2013 03:30,5.37,60.3,3.31,4.9,1.9
166343,01/03/2013 03:40,5.55,60.5,2.78,3.82,1.9
166344,01/03/2013 03:50,5.47,73.7,2.52,3.88,1.9
166345,01/03/2013 04:00,5.49,71.6,2.75,3.59,1.9
166346,01/03/2013 04:10,5.69,68.2,2.12,2.87,1.9
166347,01/03/2013 04:20,5.42,76.5,2.06,2.9,1.9
166348,01/03/2013 04:30,5.49,69.8,2.13,2.77,1.9
166349,01/03/2013 04:40,5.64,61.2,1.95,2.87,1.9
166350,01/03/2013 04:50,5.89,81.5,2.07,3.16,1.9
166351,01/03/2013 05:00,5.73,76.7,1.54,2.77,1.9
166352,01/03/2013 05:10,5.75,78.4,2.29,4.08,1.9
166353,01/03/2013 05:20,5.87,64.9,1.66,3.65,1.9
166354,01/03/2013 05:30,6.06,33.5,1.29,2.18,1.9
166355,01/03/2013 05:40,6.18,312.9,1.56,3.23,1.9
166356,01/03/2013 05:50,5.85,51.7,0.79,1.73,1.9
166357,01/03/2013 06:00,5.74,260,0.05,0.75,1.9
166358,01/03/2013 06:10,5.59,231.2,0.61,1.04,1.9
166359,01/03/2013 06:20,5.47,216.6,0.08,0.55,1.9
166360,01/03/2013 06:30,5.28,253.9,0.1,0.71,1.9
166361,01/03/2013 06:40,5.02,88.5,0.46,0.88,1.9
166362,01/03/2013 06:50,5.06,213.7,0.12,0.55,1.9
166363,01/03/2013 07:00,5.14,269.7,0.14,0.55,1.9
166364,01/03/2013 07:10,4.86,207,0.02,0.39,1.9
166365,01/03/2013 07:20,5.06,0,0,0,1.9
166366,01/03/2013 07:30,4.98,51.4,0.51,1.89,1.9
166367,01/03/2013 07:40,5.1,43.4,0.24,0.71,1.9
166368,01/03/2013 07:50,5.34,262.3,0.55,1.86,1.9
166369,01/03/2013 08:00,5.57,269.1,1.22,2.15,1.9
166370,01/03/2013 08:10,6.01,299.7,1.83,2.54,1.9
166371,01/03/2013 08:20,6.26,320.3,2.2,2.9,1.9
166372,01/03/2013 08:30,6.53,324.6,1.86,2.48,1.9
166373,01/03/2013 08:40,5.96,285.6,0.99,1.82,1.9
166374,01/03/2013 08:50,5.83,272.6,0.55,1.27,1.9
166375,01/03/2013 09:00,5.27,67.6,1.72,2.35,1.9
166376,01/03/2013 09:10,5.2,66.4,1.67,2.12,0
166377,01/03/2013 09:20,5.18,79.2,0.92,1.63,0
166378,01/03/2013 09:30,5.39,43.7,0.56,1.14,0
166379,01/03/2013 09:40,5.74,16.5,0.68,1.5,0
166380,01/03/2013 09:50,6.04,270.3,0.61,1.37,0
166381,01/03/2013 10:00,5.95,251.8,0.79,1.43,0
166382,01/03/2013 10:10,6.26,235.3,0.66,1.4,0
166383,01/03/2013 10:20,6.56,258.6,0.63,1.11,0
166384,01/03/2013 10:30,6.95,275.1,0.26,0.68,0
166385,01/03/2013 10:40,7.53,341.3,0.04,0.39,0
166386,01/03/2013 10:50,8.42,90.8,0.15,0.78,0
166387,01/03/2013 11:00,8.59,91.1,0.81,1.99,0
166388,01/03/2013 11:10,8.17,85,1.12,2.51,0
166389,01/03/2013 11:20,8.89,116.3,0.39,0.98,0
166390,01/03/2013 11:30,8.51,154.7,0.69,1.82,0
166391,01/03/2013 11:40,8.11,216.7,1.87,2.84,0
166392,01/03/2013 11:50,7.87,201.8,1.34,2.48,0
166393,01/03/2013 12:00,7.82,203.9,2.11,2.87,0
166394,01/03/2013 12:10,8.02,190.7,2.01,3.16,0
166395,01/03/2013 12:20,7.85,204.8,1.88,3.16,0
166396,01/03/2013 12:30,7.75,202.7,1.74,2.87,0
166397,01/03/2013 12:40,7.68,187.5,1.91,2.9,0
166398,01/03/2013 12:50,7.59,209.4,1.4,2.41,0
166399,01/03/2013 13:00,7.63,181.5,0.73,1.82,0
166400,01/03/2013 13:10,7.77,215.3,0.95,2.77,0
166401,01/03/2013 13:20,7.8,241.9,2.34,3.72,0
166402,01/03/2013 13:30,7.89,233.8,2.32,4.11,0
166403,01/03/2013 13:40,7.93,249.6,1.96,3.43,0
166404,01/03/2013 13:50,7.96,245.7,1.76,3.13,0
166405,01/03/2013 14:00,7.87,243.7,1.7,3.52,0
166406,01/03/2013 14:10,7.97,234.2,1.03,2.64,0
166407,01/03/2013 14:20,8.02,150.3,0.37,1.01,0
166408,01/03/2013 14:30,7.79,54.6,1.45,2.41,0
166409,01/03/2013 14:40,7.74,100.5,2,3.13,0
166410,01/03/2013 14:50,7.76,95.2,1.25,2.18,0
166411,01/03/2013 15:00,7.75,59.3,2.08,3.23,0
166412,01/03/2013 15:10,8.22,56.9,2.49,4.54,0
166413,01/03/2013 15:20,8.24,214,2.43,5.06,0
166414,01/03/2013 15:30,8.23,234.2,1.03,2.45,0
166415,01/03/2013 15:40,8.39,320.3,0.36,1.01,0
166416,01/03/2013 15:50,8.47,310.1,1.22,2.8,0
166417,01/03/2013 16:00,8.66,272.3,1.2,2.22,0
166418,01/03/2013 16:10,8.79,269.5,2.6,5.19,0
166419,01/03/2013 16:20,8.84,270.9,1.94,4.14,0
166420,01/03/2013 16:30,9.43,268.6,3.46,6.33,0
166421,01/03/2013 16:40,9.64,275.3,3.55,6.04,0
166422,01/03/2013 16:50,8.78,265,2.37,5.16,0
166423,01/03/2013 17:00,8.16,262.7,3,5.06,0
166424,01/03/2013 17:10,7.85,249.9,2.54,4.76,0
166425,01/03/2013 17:20,7.52,235.4,3.48,5.12,0
166426,01/03/2013 17:30,7.48,238.6,2.39,4.54,0
166427,01/03/2013 17:40,7.49,261.1,1.43,3.72,0
166428,01/03/2013 17:50,7.58,275,1.33,3.75,0
166429,01/03/2013 18:00,7.41,274.2,3.04,5.94,0
166430,01/03/2013 18:10,7.15,281.1,2.7,5.29,0
166431,01/03/2013 18:20,7.02,275,4.1,6.99,0
166432,01/03/2013 18:30,6.86,272.9,5.75,10.91,0
166433,01/03/2013 18:40,7.8,281.1,8.19,13.49,0
166434,01/03/2013 18:50,7.32,278.2,8.83,12.9,0
166435,01/03/2013 19:00,7.19,274.2,8.02,13.98,0
166436,01/03/2013 19:10,7.59,278.7,8.87,15.39,0
166437,01/03/2013 19:20,7.49,287.1,8.49,12.77,0
166438,01/03/2013 19:30,7.19,281,11.08,19.37,0
166439,01/03/2013 19:40,6.81,284.3,9.01,16.04,0
166440,01/03/2013 19:50,6.4,296.9,7.51,13.43,0
166441,01/03/2013 20:00,6.43,297.9,4.75,9.05,0
166442,01/03/2013 20:10,6.34,291.9,6.78,13.03,0
166443,01/03/2013 20:20,6.03,294.1,6.55,11.83,0
166444,01/03/2013 20:30,6.15,306.3,6.32,11.96,0
166445,01/03/2013 20:40,5.81,314.6,2.72,6.01,0
166446,01/03/2013 20:50,5.9,299.2,2.3,4.44,0
166447,01/03/2013 21:00,5.96,320.9,3.67,8.92,0
166448,01/03/2013 21:10,5.34,268.8,1.38,4.11,0
166449,01/03/2013 21:20,4.83,244.3,1.53,5.74,0
166450,01/03/2013 21:30,5.55,309.1,2.8,6.79,0
166451,01/03/2013 21:40,4.76,306.1,3.78,8.1,0
166452,01/03/2013 21:50,4.51,299.6,2.75,4.01,0
166453,01/03/2013 22:00,4.12,297.9,2.34,5.39,0
166454,01/03/2013 22:10,4.36,310.4,1.8,3.98,0
166455,01/03/2013 22:20,5.87,317.8,4.22,8.1,0
166456,01/03/2013 22:30,5.93,331.3,3.95,9.57,0
166457,01/03/2013 22:40,5.51,306.4,4.8,10.39,0
166458,01/03/2013 22:50,5.07,294.8,5.69,10.03,0
166459,01/03/2013 23:00,5.09,289.1,5.44,11.53,0
166460,01/03/2013 23:10,5.14,290.1,5.09,7.64,0
166461,01/03/2013 23:20,4.49,277.8,5.99,9.57,0
166462,01/03/2013 23:30,4.21,288.4,5.48,8.92,0
166463,01/03/2013 23:40,4.03,275.8,3.47,6.23,0
166464,01/03/2013 23:50,4.96,266.3,5.79,9.44,0
166465,02/03/2013 00:00,5.18,293.7,3.42,8.26,0
166466,02/03/2013 00:10,4.02,49.3,2.35,5.16,0
166467,02/03/2013 00:20,5.74,41.1,4.98,7.97,0
166468,02/03/2013 00:30,6.26,21.1,6.33,9.15,0
166469,02/03/2013 00:40,6.46,22.5,4.5,6.72,0
166470,02/03/2013 00:50,5.62,21.5,6.04,9.96,0
166471,02/03/2013 01:00,5.71,25.2,5.76,9.11,0
166472,02/03/2013 01:10,5.46,22.3,5.66,8.4,0
166473,02/03/2013 01:20,5.31,12.7,3.43,6.92,0
166474,02/03/2013 01:30,3.51,118.6,2.45,5.19,0
166475,02/03/2013 01:40,2.45,152.6,1.74,5.29,0
166476,02/03/2013 01:50,2.92,204.3,1.77,3.92,0
166477,02/03/2013 02:00,2.53,241.5,1.4,4.67,0
166478,02/03/2013 02:10,2.35,301.7,1.75,3.65,0
166479,02/03/2013 02:20,4.45,340.3,2.26,5.71,0
166480,02/03/2013 02:30,5.07,354.4,4.49,8.82,0
166481,02/03/2013 02:40,5.15,4.6,5,7.44,0
166482,02/03/2013 02:50,4.2,334.1,4.45,7.35,0
166483,02/03/2013 03:00,4.06,333.3,5.14,7.18,0
166484,02/03/2013 03:10,2.95,97.8,3.09,5.48,0
166485,02/03/2013 03:20,1.26,102,2.04,3.2,0
166486,02/03/2013 03:30,1.06,69.2,2.94,3.78,0
166487,02/03/2013 03:40,0.8,69.3,3.14,4.73,0
166488,02/03/2013 03:50,0.52,65.2,3,4.01,0
166489,02/03/2013 04:00,0.24,69.5,3.04,4.5,0
166490,02/03/2013 04:10,0.23,76.1,4.05,4.86,0
166491,02/03/2013 04:20,-0.13,84.2,3.1,4.67,0
166492,02/03/2013 04:30,-0.41,123.3,2.27,3.46,0
166493,02/03/2013 04:40,-0.42,94.6,1.42,3.16,0
166494,02/03/2013 04:50,-0.7,27.1,0.5,1.96,0
166495,02/03/2013 05:00,-1.75,118.5,0.33,1.27,0
166496,02/03/2013 05:10,-0.17,47.5,2.18,4.11,0
166497,02/03/2013 05:20,0.05,61.2,3.17,4.21,0
166498,02/03/2013 05:30,0.2,63.8,2.68,4.08,0
166499,02/03/2013 05:40,-0.36,63,2.71,3.62,0
166500,02/03/2013 05:50,-1.23,58.9,2.32,3,0
166501,02/03/2013 06:00,-1.04,45,1.26,2.05,0
166502,02/03/2013 06:10,-2.05,23.5,0.4,0.81,0
166503,02/03/2013 06:20,-1.49,297.9,0.34,0.75,0
166504,02/03/2013 06:30,-1.98,291.3,0.75,1.2,0
166505,02/03/2013 06:40,-2.32,301.5,0.32,1.33,0
166506,02/03/2013 06:50,-2.69,138,0.64,1.5,0
166507,02/03/2013 07:00,-1.8,112.6,1.15,1.89,0
166508,02/03/2013 07:10,-2.13,79.1,0.99,1.5,0
166509,02/03/2013 07:20,-2.63,67.5,1.23,1.63,0
166510,02/03/2013 07:30,-2.94,77.6,1.17,1.76,0
166511,02/03/2013 07:40,-2.09,349.6,0.36,0.84,0
166512,02/03/2013 07:50,-2.6,16.6,0.04,0.68,0
166513,02/03/2013 08:00,-2.47,302.3,0.21,0.84,0
166514,02/03/2013 08:10,-2.52,229.8,0.69,1.43,0
166515,02/03/2013 08:20,-2.2,235.7,0.17,1.14,0
166516,02/03/2013 08:30,-2.38,68.1,0.88,1.17,0
166517,02/03/2013 08:40,-1.6,69,1.37,1.92,0
166518,02/03/2013 08:50,-0.3,54.3,1.51,1.96,0
166519,02/03/2013 09:00,-0.32,59.4,0.83,1.53,0
166520,02/03/2013 09:10,-0.73,18.8,1.31,2.58,0
166521,02/03/2013 09:20,0.58,309.7,1.13,2.45,0
166522,02/03/2013 09:30,1.29,320.8,0.75,1.92,0
166523,02/03/2013 09:40,0.46,157.7,0.17,1.3,0
166524,02/03/2013 09:50,0.98,86.8,0.48,1.4,0
166525,02/03/2013 10:00,2.03,55.1,1.1,1.6,0
166526,02/03/2013 10:10,2.75,66.5,1.38,1.92,0
166527,02/03/2013 10:20,3.39,79.5,1.45,2.25,0
166528,02/03/2013 10:30,3.24,70.3,2.16,3.43,0
166529,02/03/2013 10:40,3.54,102.6,1.36,2.12,0
166530,02/03/2013 10:50,3.38,92.9,1.17,1.92,0
166531,02/03/2013 11:00,3.86,84.7,1.23,1.82,0
166532,02/03/2013 11:10,3.96,84.1,1.42,1.99,0
166533,02/03/2013 11:20,4.13,87.7,1.55,2.09,0
166534,02/03/2013 11:30,4.2,82.1,1.63,2.22,0
166535,02/03/2013 11:40,4.25,83.9,1.56,2.12,0
166536,02/03/2013 11:50,4.12,82.6,1.34,2.09,0
166537,02/03/2013 12:00,3.75,67.2,1.36,2.22,0
166538,02/03/2013 12:10,4.23,109.2,0.65,1.07,0
166539,02/03/2013 12:20,4.79,76.1,0.42,0.94,0
166540,02/03/2013 12:30,5.69,95.8,0.36,1.2,0
166541,02/03/2013 12:40,5.9,198.9,0.81,2.15,0
166542,02/03/2013 12:50,4.99,237.6,1.91,3.16,0
166543,02/03/2013 13:00,4.59,244.6,2.52,3.59,0
166544,02/03/2013 13:10,4.33,260.5,2.35,3.39,0
166545,02/03/2013 13:20,4.33,268.4,2.36,3.56,0
166546,02/03/2013 13:30,4.08,286.6,2.42,3.92,0
166547,02/03/2013 13:40,4.06,269.2,2.16,3.03,0
166548,02/03/2013 13:50,4.12,264,2.16,2.97,0
166549,02/03/2013 14:00,4.14,264.2,1.88,3.1,0
166550,02/03/2013 14:10,4.3,267,1.73,3.1,0
166551,02/03/2013 14:20,4.2,251.1,1.36,2.22,0
166552,02/03/2013 14:30,4.06,249.2,0.84,1.43,0
166553,02/03/2013 14:40,4.1,252,0.47,1.14,0
166554,02/03/2013 14:50,4.04,239.7,0.54,0.98,0
166555,02/03/2013 15:00,4.04,208.8,0.2,0.52,0
166556,02/03/2013 15:10,4.29,205,0.3,0.75,0
166557,02/03/2013 15:20,4.44,253.5,0.67,1.4,0
166558,02/03/2013 15:30,4.29,251.7,0.98,1.82,0
166559,02/03/2013 15:40,4.1,263,1.25,1.79,0
166560,02/03/2013 15:50,4.06,250.2,0.99,1.47,0
166561,02/03/2013 16:00,4.01,260.7,1.18,1.89,0
166562,02/03/2013 16:10,3.96,278.5,1.14,1.86,0
166563,02/03/2013 16:20,4,279.2,0.93,1.37,0
166564,02/03/2013 16:30,4.02,291.7,0.97,1.73,0
166565,02/03/2013 16:40,3.93,308.1,1.06,1.82,0
166566,02/03/2013 16:50,3.79,7.4,0.68,1.66,0
166567,02/03/2013 17:00,3.71,268,0.1,1.33,0
166568,02/03/2013 17:10,3.57,284.7,1.06,1.63,0
166569,02/03/2013 17:20,3.46,292.7,1.08,1.56,0
166570,02/03/2013 17:30,3.35,319.1,1,1.37,0
166571,02/03/2013 17:40,2.99,33.9,1.18,2.02,0
166572,02/03/2013 17:50,2.97,78,0.54,1.2,0
166573,02/03/2013 18:00,3.3,68.3,0.44,1.5,0
166574,02/03/2013 18:10,2.98,224.2,0.82,1.66,0
166575,02/03/2013 18:20,2.77,268,1.08,1.82,0
166576,02/03/2013 18:30,2.73,275.8,0.89,1.66,0
166577,02/03/2013 18:40,2.72,285.9,1.1,1.6,0
166578,02/03/2013 18:50,2.72,247.8,1.2,1.96,0
166579,02/03/2013 19:00,2.58,287.7,0.85,1.63,0
166580,02/03/2013 19:10,2.57,294.3,1.32,2.31,0
166581,02/03/2013 19:20,2.56,299.4,1.44,1.82,0
166582,02/03/2013 19:30,2.65,317.2,1.88,2.64,0
166583,02/03/2013 19:40,2.57,324.8,1.19,2.12,0
166584,02/03/2013 19:50,2.36,62,1.58,2.38,0
166585,02/03/2013 20:00,2.16,59.2,1.58,2.18,0
166586,02/03/2013 20:10,2,80,1.41,2.12,0
166587,02/03/2013 20:20,1.96,61.7,1.58,2.09,0
166588,02/03/2013 20:30,2,61.4,1.64,1.96,0
166589,02/03/2013 20:40,3.58,35.4,1.17,2.28,0
166590,02/03/2013 20:50,2.67,53.5,0.44,1.73,0
166591,02/03/2013 21:00,2.55,52.3,0.58,1.14,0
166592,02/03/2013 21:10,2.76,263.1,0.57,1.37,0
166593,02/03/2013 21:20,3.11,339.6,0.21,0.71,0
166594,02/03/2013 21:30,3.14,73.3,0.31,0.91,0
166595,02/03/2013 21:40,2.82,50.6,1.83,3.46,0
166596,02/03/2013 21:50,2.83,51.7,1.5,3.23,0
166597,02/03/2013 22:00,2.76,7.4,0.79,1.86,0
166598,02/03/2013 22:10,2.79,284.2,1.32,2.64,0
166599,02/03/2013 22:20,2.91,285.9,1.28,2.87,0
166600,02/03/2013 22:30,2.75,57,1,2.35,0
166601,02/03/2013 22:40,2.67,78,0.77,1.79,0
166602,02/03/2013 22:50,2.64,248.9,0.36,1.3,0
166603,02/03/2013 23:00,2.62,103.8,0.03,0.71,0
166604,02/03/2013 23:10,2.5,83.8,0.13,0.65,0
166605,02/03/2013 23:20,2.44,185.7,0.19,0.49,0
166606,02/03/2013 23:30,2.82,307.4,0.53,1.79,0
166607,02/03/2013 23:40,3.45,303.6,0.64,1.56,0
166608,02/03/2013 23:50,4.28,347,0.95,2.25,0
166609,03/03/2013 00:00,4.19,16.5,1.32,2.22,0
166610,03/03/2013 00:10,3.97,316.8,1.47,2.8,0
166611,03/03/2013 00:20,4.41,330.1,1.19,2.22,0
166612,03/03/2013 00:30,4.29,4.2,1.13,1.82,0
166613,03/03/2013 00:40,4.52,327.9,1.51,3.52,0
166614,03/03/2013 00:50,4.2,286.7,1.4,2.22,0
166615,03/03/2013 01:00,3.97,354.1,1.02,2.22,0
166616,03/03/2013 01:10,4.3,29.3,2.09,3.2,0
166617,03/03/2013 01:20,4.32,315.5,1.45,4.41,0
166618,03/03/2013 01:30,4.31,297.3,3.25,5.22,0
166619,03/03/2013 01:40,4.1,301.1,2.2,3.72,0
166620,03/03/2013 01:50,4.09,310.3,2.2,3.95,0
166621,03/03/2013 02:00,3.91,336.8,1.43,1.99,0
166622,03/03/2013 02:10,3.53,30,2.13,3.46,0
166623,03/03/2013 02:20,4.01,52.4,2.53,3.98,0
166624,03/03/2013 02:30,3.88,113.3,1.44,2.45,0
166625,03/03/2013 02:40,3.59,22.9,1.04,2.45,0
166626,03/03/2013 02:50,3.74,36.4,1.12,2.18,0
166627,03/03/2013 03:00,3.68,42.7,1.15,1.76,0
166628,03/03/2013 03:10,3.6,60.3,0.66,1.37,0
166629,03/03/2013 03:20,3.56,56.2,0.72,1.37,0
166630,03/03/2013 03:30,3.4,43.9,1.11,1.56,0
166631,03/03/2013 03:40,3.23,43.1,0.9,1.4,0
166632,03/03/2013 03:50,3.44,38.9,1.33,1.63,0
166633,03/03/2013 04:00,4.08,30.1,1.68,2.31,0
166634,03/03/2013 04:10,3.92,38.1,1.18,1.69,0
166635,03/03/2013 04:20,3.83,22.7,0.89,1.3,0
166636,03/03/2013 04:30,3.98,17.7,1.37,2.12,0
166637,03/03/2013 04:40,4.01,29.2,1.37,1.86,0
166638,03/03/2013 04:50,4,16.5,1.15,2.25,0
166639,03/03/2013 05:00,4.9,4.6,2.06,3.03,0
166640,03/03/2013 05:10,4.57,344.4,1.21,2.28,0
166641,03/03/2013 05:20,4.78,319.8,2.1,3.88,0
166642,03/03/2013 05:30,3.79,295.8,0.29,1.14,0
166643,03/03/2013 05:40,3.2,240.4,0.26,1.11,0
166644,03/03/2013 05:50,2.83,215.3,0.1,0.52,0
166645,03/03/2013 06:00,2.53,60.7,0.08,0.35,0
166646,03/03/2013 06:10,2.68,46.1,0.36,1.2,0
166647,03/03/2013 06:20,2.29,319.6,0.19,0.55,0
166648,03/03/2013 06:30,2.19,278.9,0.8,1.27,0
166649,03/03/2013 06:40,2.29,234.2,0.24,0.88,0
166650,03/03/2013 06:50,2.29,227.1,0.59,1.96,0
166651,03/03/2013 07:00,2.48,265.7,0.46,1.96,0
166652,03/03/2013 07:10,3.35,305.6,1.3,2.71,0
166653,03/03/2013 07:20,2.76,177,0.96,2.35,0
166654,03/03/2013 07:30,2.53,136,0.38,1.17,0
166655,03/03/2013 07:40,2.79,221.3,0.29,1.3,0
166656,03/03/2013 07:50,3.74,281.1,0.77,2.84,0
166657,03/03/2013 08:00,4.93,293.8,2.79,4.96,0
166658,03/03/2013 08:10,4.95,294.9,3.14,4.83,0
166659,03/03/2013 08:20,4.86,294.9,2.22,3.88,0
166660,03/03/2013 08:30,4.9,300.1,2.12,4.11,0
166661,03/03/2013 08:40,4.43,354.7,0.6,1.33,0
166662,03/03/2013 08:50,4.34,297.8,0.23,1.11,0
166663,03/03/2013 09:00,4.07,191.4,0.06,0.65,0
166664,03/03/2013 09:10,3.91,77.7,0.49,1.3,0
166665,03/03/2013 09:20,4.96,308.2,1.19,3.43,0
166666,03/03/2013 09:30,4.99,341.1,0.58,2.09,0
166667,03/03/2013 09:40,5.28,325.8,1.36,2.58,0
166668,03/03/2013 09:50,4.96,255.2,0.18,1.5,0
166669,03/03/2013 10:00,4.57,92.6,0.91,1.92,0
166670,03/03/2013 10:10,4.56,119,1.39,2.28,0
166671,03/03/2013 10:20,4.16,189.2,1.3,2.22,0
166672,03/03/2013 10:30,3.87,214.3,0.56,1.6,0
166673,03/03/2013 10:40,3.68,248.2,0.29,1.04,0
166674,03/03/2013 10:50,3.64,39.5,0.55,1.04,0
166675,03/03/2013 11:00,3.61,85.5,0.35,0.88,0
166676,03/03/2013 11:10,3.68,93.5,0.41,1.04,0
166677,03/03/2013 11:20,3.96,228.5,0.15,0.68,0
166678,03/03/2013 11:30,4.34,278.3,0.78,1.27,0
166679,03/03/2013 11:40,4.66,252.5,0.64,1.24,0
166680,03/03/2013 11:50,4.8,227,1.11,1.99,0
166681,03/03/2013 12:00,5.1,225.5,1.2,1.79,0
166682,03/03/2013 12:10,6.68,228.2,1.48,2.64,0
166683,03/03/2013 12:20,5.44,257.2,1.46,2.09,0
166684,03/03/2013 12:30,5.49,269.7,0.79,1.63,0
166685,03/03/2013 12:40,5.35,265.7,2.05,4.96,0
166686,03/03/2013 12:50,4.67,280,3.73,6.82,0
166687,03/03/2013 13:00,4.44,293.2,4.21,6.53,0
166688,03/03/2013 13:10,4.46,293.3,3.31,5.39,0
166689,03/03/2013 13:20,4.33,286.2,3.39,4.99,0
166690,03/03/2013 13:30,4.13,279.5,3.24,5.42,0
166691,03/03/2013 13:40,4.1,278.4,3.7,5.78,0
166692,03/03/2013 13:50,4.11,277.6,3.22,4.96,0
166693,03/03/2013 14:00,4.19,280.1,3.2,5.48,0
166694,03/03/2013 14:10,4.02,293.4,4.13,8,0
166695,03/03/2013 14:20,3.95,286,5.06,9.08,0
166696,03/03/2013 14:30,4.04,272.8,3.36,5.88,0
166697,03/03/2013 14:40,4.08,258.1,3.7,5.88,0
166698,03/03/2013 14:50,3.9,272.6,3.35,6.37,0
166699,03/03/2013 15:00,3.95,269.1,3.17,6.43,0
166700,03/03/2013 15:10,3.85,273.5,3.75,7.12,0
166701,03/03/2013 15:20,3.49,255,2.52,4.67,0
166702,03/03/2013 15:30,3.19,293.2,3.12,5.65,0
166703,03/03/2013 15:40,3.13,287.9,3.71,8.17,0
166704,03/03/2013 15:50,2.79,281.9,6.26,9.57,0
166705,03/03/2013 16:00,2.49,287.7,6.22,11.04,0
166706,03/03/2013 16:10,2.34,286.9,6.23,9.38,0
166707,03/03/2013 16:20,1.97,284.9,6.87,9.9,0
166708,03/03/2013 16:30,1.8,288.4,6.76,10.19,0
166709,03/03/2013 16:40,1.59,288,6.77,10.29,0
166710,03/03/2013 16:50,1.38,288.8,5.12,8.36,0
166711,03/03/2013 17:00,1.29,287,5.43,8.26,0
166712,03/03/2013 17:10,1.45,289.6,4.04,6.46,0
166713,03/03/2013 17:20,0.85,283.7,5,7.67,0
166714,03/03/2013 17:30,0.88,297.6,4.22,7.31,0
166715,03/03/2013 17:40,0.89,293.7,4.19,7.97,0
166716,03/03/2013 17:50,0.46,287.7,5.12,8.2,0
166717,03/03/2013 18:00,-0.11,295.3,5.61,8.98,0
166718,03/03/2013 18:10,-0.5,287,3.9,6.46,0
166719,03/03/2013 18:20,-0.6,282.7,4.19,7.48,0
166720,03/03/2013 18:30,-0.75,280.6,4.53,8.2,0
166721,03/03/2013 18:40,-0.74,322.9,2.26,4.54,0
166722,03/03/2013 18:50,-1.55,259.3,1.42,3.1,0
166723,03/03/2013 19:00,-1.69,290,1.64,3.07,0
166724,03/03/2013 19:10,-1.38,20.7,1.76,3.07,0
166725,03/03/2013 19:20,-1.6,53.8,3.43,5.55,0
166726,03/03/2013 19:30,-1.66,38.9,1.91,3.62,0
166727,03/03/2013 19:40,-1.93,48.9,0.37,1.14,0
166728,03/03/2013 19:50,-2.17,81.9,0.8,1.56,0
166729,03/03/2013 20:00,-2.42,62.7,0.99,1.96,0
166730,03/03/2013 20:10,-2.69,357.6,0.25,1.04,0
166731,03/03/2013 20:20,-2.02,16.1,3.29,4.9,0
166732,03/03/2013 20:30,-2.08,14.5,3.89,4.93,0
166733,03/03/2013 20:40,-1.79,11.5,3.15,5.29,0
166734,03/03/2013 20:50,-2.18,358.3,3.21,5.19,0
166735,03/03/2013 21:00,-2.1,4.5,2.91,4.67,0
166736,03/03/2013 21:10,-2.45,355.9,2.99,4.27,0
166737,03/03/2013 21:20,-2.55,342.8,3.08,4.54,0
166738,03/03/2013 21:30,-2.17,337.4,2.79,4.37,0
166739,03/03/2013 21:40,-2.08,344.1,3.29,5.61,0
166740,03/03/2013 21:50,-2.26,331.5,2.94,4.7,0
166741,03/03/2013 22:00,-2.43,325.9,3.01,4.47,0
166742,03/03/2013 22:10,-2.69,333.6,3.02,4.57,0
166743,03/03/2013 22:20,-3.19,307.9,3.52,5.16,0
166744,03/03/2013 22:30,-2.78,300.3,3.44,4.6,0
166745,03/03/2013 22:40,-2.9,316.4,3.71,5.22,0
166746,03/03/2013 22:50,-3.3,330.3,3.31,4.08,0
166747,03/03/2013 23:00,-3.47,333.7,3.72,4.76,0
166748,03/03/2013 23:10,-3.27,341.4,3.85,4.86,0
166749,03/03/2013 23:20,-3.21,358.6,3.35,4.37,0
166750,03/03/2013 23:30,-3.11,10.4,3.56,4.57,0
166751,03/03/2013 23:40,-2.78,11.8,3.42,4.83,0
166752,03/03/2013 23:50,-2.92,8,3.93,5.32,0