1,16.2.2013 00:30,-1.85,257.4,1.24,1.86
2,16.2.2013 00:40,-2.33,247.2,0.56,1.27
3,16.2.2013 00:50,-2.5,12.3,0.39,1.63
4,16.2.2013 01:00,-1.64,281.7,0.36,0.94
5,16.2.2013 01:10,-1.86,205.9,0.67,1.66
6,16.2.2013 01:20,-2.26,266.7,0.45,1.63
7,16.2.2013 01:30,-0.89,32.4,1.06,2.45
8,16.2.2013 01:40,-0.43,39.8,1.62,3.65
9,16.2.2013 01:50,1.48,21.7,2.65,4.14
10,16.2.2013 02:00,0.89,38.3,1.85,3.43
11,16.2.2013 02:10,0.43,57.1,1.84,3.26
12,16.2.2013 02:20,-0.2,35.6,1.23,2.51
13,16.2.2013 02:30,-1.01,31.1,0.32,2.61
14,16.2.2013 02:40,-0.19,48.2,1.01,3.23
15,16.2.2013 02:50,-1.03,118,0.48,1.3
16,16.2.2013 03:00,-0.09,257.1,0.47,1.27
17,16.2.2013 03:10,-1.6,30.9,0.27,1.14
18,16.2.2013 03:20,-1.36,20.3,0.72,3.52
19,16.2.2013 03:30,0.45,19.3,2.88,4.96
20,16.2.2013 03:40,-0.85,143.8,0.64,1.76
21,16.2.2013 03:50,-1.21,193.6,1.22,2.54
22,16.2.2013 04:00,-2.23,191,1.03,2.02
23,16.2.2013 04:10,-2.11,248.3,0.99,1.76
24,16.2.2013 04:20,-2.09,277.5,0.67,1.11
25,16.2.2013 04:30,-2.98,276.2,0.47,1.33
26,16.2.2013 04:40,-3.14,24.4,0.49,2.12
27,16.2.2013 04:50,-3.89,153.3,0.19,2.05
28,16.2.2013 05:00,-3.18,180.9,0.61,1.66
29,16.2.2013 05:10,-3.34,305.3,0.6,1.17
30,16.2.2013 05:20,-3.5,258.5,0.62,1.11
31,16.2.2013 05:30,-3.77,217.5,0.07,0.58
32,16.2.2013 05:40,-4.72,176.8,0.23,0.88
33,16.2.2013 05:50,-4.99,234.2,0.48,1.27
34,16.2.2013 06:00,-4.42,231.8,0.61,1.82
35,16.2.2013 06:10,-4.86,219.4,0.2,0.91
36,16.2.2013 06:20,-4.66,188.5,0.18,0.84
37,16.2.2013 06:30,-4.25,177,0.03,0.52
38,16.2.2013 06:40,-4.27,328,0.01,0.26
39,16.2.2013 06:50,-3.89,111.6,0.08,0.65
40,16.2.2013 07:00,-4.31,68.3,0.24,0.94
41,16.2.2013 07:10,-4.77,61.9,0.29,0.98
42,16.2.2013 07:20,-4.87,268.7,0.19,0.81
43,16.2.2013 07:30,-4.31,229.5,0.61,1.07
44,16.2.2013 07:40,-4.63,111.3,0.2,0.58
45,16.2.2013 07:50,-3.78,101.7,0.79,2.38
46,16.2.2013 08:00,-3.94,86.6,0.6,2.22
47,16.2.2013 08:10,-3.26,53.7,0.09,0.78
48,16.2.2013 08:20,-3.05,304.2,0.47,1.33
49,16.2.2013 08:30,-3.34,281.3,0.41,1.43
50,16.2.2013 08:40,-2.43,116,0.25,1.01
51,16.2.2013 08:50,-2.18,43.2,0.89,1.56
52,16.2.2013 09:00,-1.65,54,1.19,1.96
53,16.2.2013 09:10,-1.24,67.4,1.62,2.15
54,16.2.2013 09:20,-1.37,65.1,2.12,2.67
55,16.2.2013 09:30,-1.39,48.5,1.07,2.22
56,16.2.2013 09:40,-1.39,15.1,0.27,0.84
57,16.2.2013 09:50,-1.53,204,0.04,0.42
58,16.2.2013 10:00,-1.54,336.3,0.02,0.32
59,16.2.2013 10:10,-1.47,332.7,0,0.32
60,16.2.2013 10:20,-0.62,28.7,0.56,1.86
61,16.2.2013 10:30,0.16,57,0.99,1.56
62,16.2.2013 10:40,1.91,352.9,2.48,3.85
63,16.2.2013 10:50,2.53,3,2.04,3.39
64,16.2.2013 11:00,2.33,130.2,0.61,1.5
65,16.2.2013 11:10,2.29,159.7,0.16,0.58
66,16.2.2013 11:20,1.66,228.7,1.13,2.8
67,16.2.2013 11:30,1.29,216.8,1.09,2.77
68,16.2.2013 11:40,1.7,83.5,0.08,0.75
69,16.2.2013 11:50,1.83,200.1,0.44,1.73
70,16.2.2013 12:00,1.37,259.4,1.2,1.96
71,16.2.2013 12:10,1.34,280,1.37,1.79
72,16.2.2013 12:20,1.41,338.2,0.99,1.76
73,16.2.2013 12:30,1.41,56,0.27,0.81
74,16.2.2013 12:40,1.5,53.1,1.26,1.99
75,16.2.2013 12:50,1.69,72.5,1.52,1.86
76,16.2.2013 13:00,2,45.2,0.42,1.11
77,16.2.2013 13:10,2.44,264.9,0.3,1.14
78,16.2.2013 13:20,2.31,265,0.98,1.27
79,16.2.2013 13:30,2.65,267.9,0.5,0.98
80,16.2.2013 13:40,3.02,201,0.35,1.07
81,16.2.2013 13:50,2.8,257.7,1.24,1.79
82,16.2.2013 14:00,3.03,266,1.13,1.63
83,16.2.2013 14:10,3.01,227.9,1.62,2.58
84,16.2.2013 14:20,2.65,229.1,1.53,2.35
85,16.2.2013 14:30,2.08,249,2,2.97
86,16.2.2013 14:40,2.02,273,1.03,1.86
87,16.2.2013 14:50,1.8,282.5,0.39,1.3
88,16.2.2013 15:00,1.81,18.5,0.77,1.82
89,16.2.2013 15:10,1.92,336.5,1.23,3.49
90,16.2.2013 15:20,1.96,357,0.78,2.58
91,16.2.2013 15:30,2.01,348.3,1.92,3.33
92,16.2.2013 15:40,2.18,357.5,1.8,2.94
93,16.2.2013 15:50,2.48,12.8,2.24,3.52
94,16.2.2013 16:00,2.58,340.4,1.48,2.74
95,16.2.2013 16:10,2.65,9.9,0.69,1.82
96,16.2.2013 16:20,2.24,95.5,0.73,1.73
97,16.2.2013 16:30,1.6,71.1,1.56,2.64
98,16.2.2013 16:40,1.55,53,1.44,2.48
99,16.2.2013 16:50,1.47,58.3,1.04,1.66
100,16.2.2013 17:00,1.43,76.6,0.56,1.07
101,16.2.2013 17:10,1.4,171.7,0.51,1.73
102,16.2.2013 17:20,1.36,51.3,0.3,1.3
103,16.2.2013 17:30,1.15,105.5,1.31,2.64
104,16.2.2013 17:40,1.11,46.9,1.7,2.41
105,16.2.2013 17:50,1.03,301.1,0.24,1.2
106,16.2.2013 18:00,1.08,298.5,0.65,1.37
107,16.2.2013 18:10,0.9,19.5,0.44,1.17
108,16.2.2013 18:20,0.7,15.9,0.32,1.04
109,16.2.2013 18:30,0.67,322.3,1.06,2.05
110,16.2.2013 18:40,0.54,325.9,0.7,1.5
111,16.2.2013 18:50,0.54,188.2,0.4,1.17
112,16.2.2013 19:00,0.65,39.1,0.69,1.76
113,16.2.2013 19:10,0.71,60.4,1.31,1.96
114,16.2.2013 19:20,0.37,93.9,1.05,1.63
115,16.2.2013 19:30,0.28,73.6,1.01,2.12
116,16.2.2013 19:40,0.24,113.5,2.13,2.94
117,16.2.2013 19:50,0.31,90.5,1.01,2.48
118,16.2.2013 20:00,-0.12,77.7,0.17,0.65
119,16.2.2013 20:10,-0.39,77.9,0.7,1.4
120,16.2.2013 20:20,-0.18,73.3,1.69,2.54
121,16.2.2013 20:30,0.2,64.3,2.5,3.03
122,16.2.2013 20:40,0.22,78.6,2.84,3.33
123,16.2.2013 20:50,0.12,83.4,2.87,3.59
124,16.2.2013 21:00,0.14,72.9,3.23,3.65
125,16.2.2013 21:10,-0.05,89.8,2.84,3.52
126,16.2.2013 21:20,-0.26,83.9,2.08,2.67
127,16.2.2013 21:30,-0.05,53.9,3.23,3.82
128,16.2.2013 21:40,0.11,67.2,3.11,3.72
129,16.2.2013 21:50,0.61,76.3,1.86,2.71
130,16.2.2013 22:00,0.59,94.4,1.19,2.12
131,16.2.2013 22:10,0.25,124.7,1.03,1.37
132,16.2.2013 22:20,-0.11,143.6,0.09,0.52
133,16.2.2013 22:30,-0.22,31.9,0.45,0.98
134,16.2.2013 22:40,-0.4,300.5,0.36,1.11
135,16.2.2013 22:50,-0.22,226.5,0.16,0.68
136,16.2.2013 23:00,-0.41,239.5,0.17,0.81
137,16.2.2013 23:10,-0.24,233.9,0.79,1.69
138,16.2.2013 23:20,0.08,295.1,1.19,2.18
139,16.2.2013 23:30,0.31,333,0.4,1.53
140,16.2.2013 23:40,0.08,52.1,1.77,3.29
141,16.2.2013 23:50,0,42.6,1.27,2.9
142,17.2.2013 00:00,0.41,353.4,0.7,1.76
143,17.2.2013 00:10,0.08,67.9,0.47,1.07
144,17.2.2013 00:20,-0.05,321,0.68,1.96
145,17.2.2013 00:30,0.19,328.4,1.22,2.12
146,17.2.2013 00:40,0.18,330.7,1.05,1.92
147,17.2.2013 00:50,0,340.6,0.23,0.84
148,17.2.2013 01:00,-0.02,34.9,0.51,1.17
149,17.2.2013 01:10,-0.02,61,0.03,0.55
150,17.2.2013 01:20,-0.09,142.5,0.26,0.84
151,17.2.2013 01:30,-0.06,124.1,0.03,0.55
152,17.2.2013 01:40,-0.01,24.3,0.46,1.07
153,17.2.2013 01:50,0.41,318.9,1.34,2.87
154,17.2.2013 02:00,0.45,310.1,1.7,3.07
155,17.2.2013 02:10,0.39,297.6,1.75,3.2
156,17.2.2013 02:20,0.31,286.8,2.1,3.49
157,17.2.2013 02:30,0.31,296.3,1.68,3.82
158,17.2.2013 02:40,0.02,264.8,2.25,4.11
159,17.2.2013 02:50,-0.23,254.8,2.29,3.2
160,17.2.2013 03:00,-0.34,251.8,1.63,2.38
161,17.2.2013 03:10,-0.42,219.3,0.74,2.31
162,17.2.2013 03:20,-0.46,218.4,0.72,1.73
163,17.2.2013 03:30,-0.5,198.3,0.13,0.94
164,17.2.2013 03:40,-0.54,74.8,0.16,0.81
165,17.2.2013 03:50,-0.57,348.8,0.36,0.88
166,17.2.2013 04:00,-0.56,302.8,0.47,1.47
167,17.2.2013 04:10,-0.55,292.2,0.55,1.33
168,17.2.2013 04:20,-0.54,292,0.66,1.17
169,17.2.2013 04:30,-0.55,282.6,0.88,1.63
170,17.2.2013 04:40,-0.58,266.6,0.65,1.69
171,17.2.2013 04:50,-0.6,260.5,0.17,0.81
172,17.2.2013 05:00,-0.62,121.2,0.11,0.78
173,17.2.2013 05:10,-0.63,54.8,0.13,1.04
174,17.2.2013 05:20,-0.64,80.2,0.55,1.14
175,17.2.2013 05:30,-0.63,133.1,0.53,1.01
176,17.2.2013 05:40,-0.66,45.2,0.68,1.63
177,17.2.2013 05:50,-0.59,196,0.47,1.6
178,17.2.2013 06:00,-0.54,261.9,0.75,1.76
179,17.2.2013 06:10,-0.49,279.3,1,1.89
180,17.2.2013 06:20,-0.36,59.8,0.76,1.69
181,17.2.2013 06:30,-0.34,102.8,1.22,2.15
182,17.2.2013 06:40,-0.34,83.8,1.52,2.31
183,17.2.2013 06:50,-0.31,66.1,1.78,2.67
184,17.2.2013 07:00,-0.08,273.1,0.47,2.09
185,17.2.2013 07:10,-0.09,259.9,1.51,2.09
186,17.2.2013 07:20,0.13,264.3,1.42,2.28
187,17.2.2013 07:30,0.02,231.3,0.7,1.53
188,17.2.2013 07:40,0,228.9,1.56,2.58
189,17.2.2013 07:50,0.08,226.9,0.99,2.05
190,17.2.2013 08:00,0.15,272.7,0.49,1.33
191,17.2.2013 08:10,0.26,201.8,0.88,2.61
192,17.2.2013 08:20,0.31,97,0.56,1.43
193,17.2.2013 08:30,0.84,283.6,2.3,3.95
194,17.2.2013 08:40,2.04,301.4,1.93,2.9
195,17.2.2013 08:50,2.41,298,0.72,1.27
196,17.2.2013 09:00,2.35,272.1,1.31,2.41
197,17.2.2013 09:10,2.78,76.8,0.6,1.43
198,17.2.2013 09:20,2.86,268,1.02,1.79
199,17.2.2013 09:30,3.32,280.5,1.44,2.77
200,17.2.2013 09:40,3.94,286.1,2.72,3.46
201,17.2.2013 09:50,2.83,243.1,2.44,3.43
202,17.2.2013 10:00,2.53,215.8,1.19,2.51
203,17.2.2013 10:10,2.54,73.4,0.73,1.73
204,17.2.2013 10:20,2.58,49.6,1.1,1.69
205,17.2.2013 10:30,3.15,31.4,0.91,1.6
206,17.2.2013 10:40,3.87,70.4,1.25,2.94
207,17.2.2013 10:50,4.19,72.8,1.17,1.79
208,17.2.2013 11:00,4.48,352.3,0.63,1.37
209,17.2.2013 11:10,3.75,184.8,0.52,2.54
210,17.2.2013 11:20,3.68,39.4,1.21,1.53
211,17.2.2013 11:30,3.73,66.7,1.35,3.1
212,17.2.2013 11:40,3.68,336.8,0.66,2.12
213,17.2.2013 11:50,3.33,67.6,2.01,3.29
214,17.2.2013 12:00,3.31,72.5,1.95,3.26
215,17.2.2013 12:10,3.55,43.1,1.24,3.65
216,17.2.2013 12:20,5.94,10.4,3.01,4.76
217,17.2.2013 12:30,4.66,347.2,1.65,3.82
218,17.2.2013 12:40,4.62,264.3,1.21,1.99
219,17.2.2013 12:50,4.51,275.6,1.56,2.71
220,17.2.2013 13:00,5.26,321.4,1.75,3.07
221,17.2.2013 13:10,3.95,110.5,1.72,3.36
222,17.2.2013 13:20,4.41,331.9,1.21,4.21
223,17.2.2013 13:30,5.01,298.9,2.51,4.31
224,17.2.2013 13:40,4.39,11.9,2.29,4.34
225,17.2.2013 13:50,4.19,47.8,2.21,3.36
226,17.2.2013 14:00,4.48,71.3,2.06,2.61
227,17.2.2013 14:10,4.78,64.8,1.72,2.28
228,17.2.2013 14:20,4.94,72,1.68,2.38
229,17.2.2013 14:30,5.1,67.5,2.43,3.03
230,17.2.2013 14:40,5.12,62,2.34,3.26
231,17.2.2013 14:50,5.38,55.9,1.63,2.28
232,17.2.2013 15:00,5.06,65.8,1.11,2.09
233,17.2.2013 15:10,4.91,288.7,1.72,2.51
234,17.2.2013 15:20,4.53,262.8,2.25,4.05
235,17.2.2013 15:30,4.6,276.9,2.52,3.69
236,17.2.2013 15:40,5.21,278.1,1.97,3
237,17.2.2013 15:50,4.96,76.7,1.65,2.67
238,17.2.2013 16:00,5.14,67.9,1.1,1.63
239,17.2.2013 16:10,5.18,279.2,0.85,2.61
240,17.2.2013 16:20,5.17,263.6,2.11,2.67
241,17.2.2013 16:30,4.99,215.3,1.05,2.22
242,17.2.2013 16:40,5.58,270.3,2.54,4.08
243,17.2.2013 16:50,5.5,279.7,3.39,4.86
244,17.2.2013 17:00,4.93,42.4,2.33,3.43
245,17.2.2013 17:10,5,43.8,1.22,2.35
246,17.2.2013 17:20,5.31,63.5,1.78,2.77
247,17.2.2013 17:30,4.98,35.7,0.99,2.61
248,17.2.2013 17:40,5.91,80.9,1.55,3.26
249,17.2.2013 17:50,5.7,36.9,0.5,1.43
250,17.2.2013 18:00,5.26,292.1,1.36,2.48
251,17.2.2013 18:10,5.43,242.6,0.77,1.96
252,17.2.2013 18:20,5.26,182.2,0.73,3.26
253,17.2.2013 18:30,5.32,0.7,0.9,2.97
254,17.2.2013 18:40,5.06,196.8,0.6,2.97
255,17.2.2013 18:50,4.74,261.1,0.88,1.79
256,17.2.2013 19:00,4.43,63.1,1.14,1.82
257,17.2.2013 19:10,4.4,69.8,0.47,1.5
258,17.2.2013 19:20,4.2,77.9,0.3,1.47
259,17.2.2013 19:30,4.35,274.7,1.1,2.28
260,17.2.2013 19:40,4.71,276.4,2.76,4.54
261,17.2.2013 19:50,5.33,281.6,3.99,5.84
262,17.2.2013 20:00,5.27,295.1,3.28,6.07
263,17.2.2013 20:10,4.91,280.3,3.02,4.21
264,17.2.2013 20:20,4.86,301.1,2.22,3.92
265,17.2.2013 20:30,5.06,280.3,2.21,3.92
266,17.2.2013 20:40,4.54,301.7,2.11,3.56
267,17.2.2013 20:50,5.35,312.3,3.07,4.31
268,17.2.2013 21:00,5.39,296.9,3.84,5.84
269,17.2.2013 21:10,5.41,282.5,2.45,4.9
270,17.2.2013 21:20,5.24,295.5,1.5,3.52
271,17.2.2013 21:30,4.78,38.1,1.74,3.72
272,17.2.2013 21:40,4.61,133.9,0.93,2.87
273,17.2.2013 21:50,4.44,304.3,1.43,2.41
274,17.2.2013 22:00,4.52,237.6,1.29,2.54
275,17.2.2013 22:10,4.59,303.4,2.03,3.13
276,17.2.2013 22:20,4.66,276,2.15,3.23
277,17.2.2013 22:30,4.62,286.1,1.42,2.71
278,17.2.2013 22:40,4.76,294.7,1.18,3.23
279,17.2.2013 22:50,3.67,79.9,1.61,3.2
280,17.2.2013 23:00,3.94,6.8,0.82,1.96
281,17.2.2013 23:10,3.73,228.8,0.29,1.01
282,17.2.2013 23:20,3.77,280,0.13,0.55
283,17.2.2013 23:30,3.5,231.1,0.75,1.27
284,17.2.2013 23:40,3.76,277.2,1.03,1.47
285,17.2.2013 23:50,3.69,227.4,1.57,2.64
286,18.2.2013 00:00,3.49,269.6,0.59,1.56
287,18.2.2013 00:10,3.87,269.8,1.37,2.84
288,18.2.2013 00:20,3.79,2,1.58,2.84
289,18.2.2013 00:30,3.07,51.9,1.62,2.12
290,18.2.2013 00:40,3.17,43.9,1.75,2.31
291,18.2.2013 00:50,4.29,344.5,2.16,3.49
292,18.2.2013 01:00,4.55,310.4,2.7,3.72
293,18.2.2013 01:10,4.65,316.3,2.82,4.76
294,18.2.2013 01:20,4.69,316,3.16,4.27
295,18.2.2013 01:30,4.67,312.5,2.31,3.62
296,18.2.2013 01:40,4.78,306.5,2.87,4.73
297,18.2.2013 01:50,4.3,258.6,1.8,3.65
298,18.2.2013 02:00,4.21,318.9,1.62,2.94
299,18.2.2013 02:10,3.56,8.5,1.15,2.58
300,18.2.2013 02:20,3.97,240.6,1.28,2.31
301,18.2.2013 02:30,4.01,203.6,0.73,1.86
302,18.2.2013 02:40,3.84,89.9,0.38,0.94
303,18.2.2013 02:50,3.83,9.3,0.19,0.94
304,18.2.2013 03:00,3.7,174.1,0.4,0.91
305,18.2.2013 03:10,3.58,84.6,0.13,0.78
306,18.2.2013 03:20,3.5,0,0,0
307,18.2.2013 03:30,3.5,350.2,0.2,0.55
308,18.2.2013 03:40,3.27,280.2,0.35,1.3
309,18.2.2013 03:50,3.31,302.1,0.35,1.2
310,18.2.2013 04:00,3.34,118.5,0.04,0.35
311,18.2.2013 04:10,3.15,93.5,0.2,0.78
312,18.2.2013 04:20,2.75,76.7,1.73,2.61
313,18.2.2013 04:30,2.93,61.9,2.39,2.94
314,18.2.2013 04:40,2.94,70.5,2.46,3
315,18.2.2013 04:50,2.95,92.9,2.07,2.48
316,18.2.2013 05:00,2.91,88,0.21,1.5
317,18.2.2013 05:10,2.68,0,0,0
318,18.2.2013 05:20,3,291.6,1.06,2.64
319,18.2.2013 05:30,3.54,303.4,0.86,2.84
320,18.2.2013 05:40,3.17,279.4,0.71,1.73
321,18.2.2013 05:50,3.01,297.7,1.72,3.03
322,18.2.2013 06:00,3.51,315.3,2.57,3.29
323,18.2.2013 06:10,3.16,323.1,1.97,3.07
324,18.2.2013 06:20,2.06,58.3,0.74,1.82
325,18.2.2013 06:30,1.43,81.4,1.4,1.99
326,18.2.2013 06:40,1.51,74.4,2.35,2.8
327,18.2.2013 06:50,1.43,74.3,2.32,2.67
328,18.2.2013 07:00,1.57,81.1,2.59,3.03
329,18.2.2013 07:10,1.71,80.2,3.32,3.98
330,18.2.2013 07:20,1.88,77.4,3.1,3.85
331,18.2.2013 07:30,2.18,86.4,1.99,3.16
332,18.2.2013 07:40,2.41,95.4,1.67,2.22
333,18.2.2013 07:50,2.11,64.5,1.19,2.51
334,18.2.2013 08:00,2,50.6,0.99,2.64
335,18.2.2013 08:10,2,322.2,0.71,1.96
336,18.2.2013 08:20,3.28,335.9,2.71,3.82
337,18.2.2013 08:30,3.15,334.6,3.65,4.93
338,18.2.2013 08:40,3.11,332.6,3.5,4.57
339,18.2.2013 08:50,3.51,317.4,2.54,3.78
340,18.2.2013 09:00,3.56,301,3.08,3.95
341,18.2.2013 09:10,2.3,22,0.9,3.1
342,18.2.2013 09:20,2.36,55.2,0.44,1.01
343,18.2.2013 09:30,2.66,62.1,0.46,0.78
344,18.2.2013 09:40,2.8,92,0.42,0.88
345,18.2.2013 09:50,2.77,171.2,0.13,0.81
346,18.2.2013 10:00,2.74,67.6,0.94,2.22
347,18.2.2013 10:10,2.81,59.4,2.01,2.31
348,18.2.2013 10:20,2.45,91.7,2.46,3.56
349,18.2.2013 10:30,2.49,113.4,1.61,2.74
350,18.2.2013 10:40,2.73,115.4,0.97,1.63
351,18.2.2013 10:50,3.08,85,0.92,1.79
352,18.2.2013 11:00,3.33,68.8,1.32,1.96
353,18.2.2013 11:10,3.55,66.1,0.92,1.82
354,18.2.2013 11:20,3.57,266.4,0.71,1.47
355,18.2.2013 11:30,3.78,270,1.91,2.64
356,18.2.2013 11:40,4.27,287.4,1.78,2.15
357,18.2.2013 11:50,4.65,232.6,1.49,2.05
358,18.2.2013 12:00,4.62,74.4,1.83,2.74
359,18.2.2013 12:10,4.33,96.9,1.29,2.05
360,18.2.2013 12:20,4.28,91.5,1.36,2.09
361,18.2.2013 12:30,4.39,73.8,1.22,1.79
362,18.2.2013 12:40,4.53,99.4,0.74,1.56
363,18.2.2013 12:50,4.62,65.6,0.3,1.01
364,18.2.2013 13:00,4.74,101.8,0.1,0.58
365,18.2.2013 13:10,4.86,149.3,0.17,0.71
366,18.2.2013 13:20,4.66,117.3,0.3,0.98
367,18.2.2013 13:30,4.72,73.3,0.52,0.68
368,18.2.2013 13:40,4.62,122.2,0.58,0.81
369,18.2.2013 13:50,4.63,63.7,0.42,0.91
370,18.2.2013 14:00,4.6,81.9,0.76,1.14
371,18.2.2013 14:10,4.5,56,0.99,1.5
372,18.2.2013 14:20,4.44,84.4,0.92,2.05
373,18.2.2013 14:30,4.23,92.1,0.92,1.82
374,18.2.2013 14:40,4.4,111.4,0.37,1.37
375,18.2.2013 14:50,4.37,142.5,0.17,0.58
376,18.2.2013 15:00,4.43,70.9,0.36,0.98
377,18.2.2013 15:10,4.49,99.1,0.54,1.07
378,18.2.2013 15:20,4.39,40.1,0.19,0.94
379,18.2.2013 15:30,4.28,71.9,0.47,0.75
380,18.2.2013 15:40,4.48,43.3,0.53,1.07
381,18.2.2013 15:50,4.48,52.2,0.69,1.6
382,18.2.2013 16:00,4.51,282.4,0.48,1.66
383,18.2.2013 16:10,4.55,271.6,0.71,1.3
384,18.2.2013 16:20,4.37,117.6,0.87,2.48
385,18.2.2013 16:30,4.76,31.7,0.86,2.61
386,18.2.2013 16:40,4.6,105.1,0.68,1.47
387,18.2.2013 16:50,4.48,40,0.68,1.6
388,18.2.2013 17:00,4.56,56,0.56,1.3
389,18.2.2013 17:10,4.45,121.7,0.59,2.09
390,18.2.2013 17:20,4.78,14.2,0.46,0.75
391,18.2.2013 17:30,4.69,297,0.2,0.71
392,18.2.2013 17:40,4.68,274.6,0.92,1.53
393,18.2.2013 17:50,5.09,270.2,0.73,1.47
394,18.2.2013 18:00,5.67,302.9,0.36,1.63
395,18.2.2013 18:10,5.57,258.3,0.74,1.27
396,18.2.2013 18:20,5.88,268.3,0.68,2.02
397,18.2.2013 18:30,5.98,270,0.66,1.56
398,18.2.2013 18:40,5.89,332.2,0.57,0.91
399,18.2.2013 18:50,5.93,305,0.35,0.78
400,18.2.2013 19:00,5.96,314.1,0.79,1.47
401,18.2.2013 19:10,6.25,307.2,0.93,2.28
402,18.2.2013 19:20,6.59,306.9,0.94,1.89
403,18.2.2013 19:30,6.83,332.4,1.21,2.71
404,18.2.2013 19:40,6.68,315.5,0.89,1.5
405,18.2.2013 19:50,6.86,322.5,0.92,1.76
406,18.2.2013 20:00,6.16,78.8,0.57,1.63
407,18.2.2013 20:10,5.99,59.4,0.54,1.24
408,18.2.2013 20:20,6.31,337.3,0.62,1.76
409,18.2.2013 20:30,6.72,274,1.32,1.89
410,18.2.2013 20:40,6.97,244.7,1,2.87
411,18.2.2013 20:50,6.89,79.9,0.88,3.03
412,18.2.2013 21:00,7.3,91.8,1.11,2.22
413,18.2.2013 21:10,7.42,127.4,1.05,2.48
414,18.2.2013 21:20,7.17,203.2,0.77,1.99
415,18.2.2013 21:30,6.78,249.3,1.06,2.12
416,18.2.2013 21:40,6.86,278.3,1.59,2.54
417,18.2.2013 21:50,6.73,288.5,1.54,2.15
418,18.2.2013 22:00,7.26,294.1,2.33,3.62
419,18.2.2013 22:10,7.71,283.1,2.19,4.14
420,18.2.2013 22:20,7.36,270.9,1.94,3.13
421,18.2.2013 22:30,7.22,296.7,2.21,3.07
422,18.2.2013 22:40,7.16,293.7,2.74,3.78
423,18.2.2013 22:50,7.53,315.4,1.78,3.82
424,18.2.2013 23:00,7.71,0.4,3.2,4.57
425,18.2.2013 23:10,7.98,11.1,3.26,4.73
426,18.2.2013 23:20,7.64,12.6,1.6,3.16
427,18.2.2013 23:30,7.5,341,2.28,3.98
428,18.2.2013 23:40,6.75,267,1.94,3.33
429,18.2.2013 23:50,6.7,279.2,1.49,2.45
430,19.2.2013 00:00,6.92,271.1,2.03,3.03
431,19.2.2013 00:10,6.35,282.7,3.19,4.27
432,19.2.2013 00:20,6.8,291.3,2.63,3.39
433,19.2.2013 00:30,7.31,300,3.03,4.11
434,19.2.2013 00:40,7.3,295,2.78,3.75
435,19.2.2013 00:50,7.37,306.6,2.25,3.43
436,19.2.2013 01:00,7.52,329.8,1.66,3.07
437,19.2.2013 01:10,6.57,265.9,2.07,2.8
438,19.2.2013 01:20,7.24,298.1,1.34,2.31
439,19.2.2013 01:30,7.11,250.2,0.73,1.76
440,19.2.2013 01:40,7.02,208.2,0.1,0.71
441,19.2.2013 01:50,6.83,21.4,0.23,0.88
442,19.2.2013 02:00,5.74,54.5,0.54,1.92
443,19.2.2013 02:10,5.66,68.6,1.77,2.58
444,19.2.2013 02:20,6.18,73,0.85,1.73
445,19.2.2013 02:30,6.25,55.4,0.32,1.43
446,19.2.2013 02:40,5.63,229.7,0.37,1.04
447,19.2.2013 02:50,5.18,44.2,0.57,2.22
448,19.2.2013 03:00,5.31,38.5,0.98,2.25
449,19.2.2013 03:10,6.16,64.6,0.87,2.71
450,19.2.2013 03:20,6.52,156.5,0.69,3.1
451,19.2.2013 03:30,6.83,67.3,0.96,2.41
452,19.2.2013 03:40,6.81,140.4,1.64,2.94
453,19.2.2013 03:50,6.85,128.6,2.45,5.35
454,19.2.2013 04:00,7.25,108.8,1.83,5.45
455,19.2.2013 04:10,6.99,118.1,2.21,5.16
456,19.2.2013 04:20,6.91,111.3,2.06,5.22
457,19.2.2013 04:30,6.75,94.1,1.76,3.26
458,19.2.2013 04:40,6.72,74.6,1.69,3.62
459,19.2.2013 04:50,6.81,119.8,2.66,4.67
460,19.2.2013 05:00,6.87,128.5,1.48,4.34
461,19.2.2013 05:10,6.8,101.2,1.74,3.49
462,19.2.2013 05:20,6.86,112.1,2.24,4.7
463,19.2.2013 05:30,6.81,106.2,1.12,3.13
464,19.2.2013 05:40,6.95,97.3,1.39,4.27
465,19.2.2013 05:50,6.73,111.9,1.5,4.34
466,19.2.2013 06:00,6.48,96.4,0.98,2.25
467,19.2.2013 06:10,6.33,106.6,1.14,2.31
468,19.2.2013 06:20,6.4,103.3,1.37,2.9
469,19.2.2013 06:30,6.42,102.2,1.3,2.58
470,19.2.2013 06:40,6.54,106.4,1.43,4.41
471,19.2.2013 06:50,6.53,117.1,2.05,5.35
472,19.2.2013 07:00,6.4,137.3,1.62,3.39
473,19.2.2013 07:10,6.35,137,0.86,1.99
474,19.2.2013 07:20,6.19,94.6,1.51,3.2
475,19.2.2013 07:30,6.41,79.2,1.92,3.59
476,19.2.2013 07:40,6.47,88.9,1.86,4.96
477,19.2.2013 07:50,6.6,99.9,2.25,4.05
478,19.2.2013 08:00,6.47,112.6,2.23,4.9
479,19.2.2013 08:10,6.4,125,2.11,5.06
480,19.2.2013 08:20,6.36,148.6,2.1,5.29
481,19.2.2013 08:30,6.4,168.7,3.8,6.69
482,19.2.2013 08:40,6.1,159.9,4.29,8.07
483,19.2.2013 08:50,5.91,151.8,4.41,7.18
484,19.2.2013 09:00,5.73,149.3,3.87,6.33
485,19.2.2013 09:10,5.65,135.6,3.3,4.99
486,19.2.2013 09:20,5.67,138.3,3.6,5.97
487,19.2.2013 09:30,5.78,127.4,3.46,5.78
488,19.2.2013 09:40,5.79,131.8,3.37,5.45
489,19.2.2013 09:50,5.91,138.1,3.1,5.71
490,19.2.2013 10:00,5.92,157.9,3.34,6.2
491,19.2.2013 10:10,5.91,157.1,3.71,5.91
492,19.2.2013 10:20,5.99,151.1,3.78,5.68
493,19.2.2013 10:30,6.07,146.1,2.76,5.06
494,19.2.2013 10:40,6.08,137.7,2.77,5.22
495,19.2.2013 10:50,6.15,110.5,2.54,5.94
496,19.2.2013 11:00,6.17,115.3,2.62,5.45
497,19.2.2013 11:10,6.24,162.2,2.67,4.96
498,19.2.2013 11:20,6.32,169,3.46,7.38
499,19.2.2013 11:30,6.32,168.8,3.35,7.31
500,19.2.2013 11:40,6.41,150.9,4.91,7.74
501,19.2.2013 11:50,6.37,151.4,4.35,7.05
502,19.2.2013 12:00,6.36,141.7,4.99,7.28
503,19.2.2013 12:10,6.47,148.5,2.89,6.3
504,19.2.2013 12:20,6.77,147.9,3.83,7.35
505,19.2.2013 12:30,6.79,146.6,2.57,4.93
506,19.2.2013 12:40,6.73,151.8,1.34,3.29
507,19.2.2013 12:50,6.64,158.1,1.38,2.97
508,19.2.2013 13:00,6.49,170.8,2.86,5.48
509,19.2.2013 13:10,6.53,168.3,3.08,5.91
510,19.2.2013 13:20,6.45,168,3.22,6.04
511,19.2.2013 13:30,6.05,124.7,4,7.25
512,19.2.2013 13:40,6.13,60.5,3.07,4.76
513,19.2.2013 13:50,6.3,92.7,1.58,2.94
514,19.2.2013 14:00,5.89,236.9,0.6,1.4
515,19.2.2013 14:10,5.99,336.9,1.05,2.94
516,19.2.2013 14:20,6.64,113,1.77,5.65
517,19.2.2013 14:30,6.44,112.6,2.95,4.47
518,19.2.2013 14:40,6.44,124.7,2.49,4.31
519,19.2.2013 14:50,6.77,141.4,3.22,5.35
520,19.2.2013 15:00,6.68,120.1,3.33,5.19
521,19.2.2013 15:10,6.65,119.3,1.38,3.23
522,19.2.2013 15:20,6.71,59.4,0.29,1.04
523,19.2.2013 15:30,6.72,286.1,0.65,1.86
524,19.2.2013 15:40,6.38,245.9,1.95,3.1
525,19.2.2013 15:50,6.2,266.4,1.08,1.96
526,19.2.2013 16:00,6.69,249.1,0.86,2.58
527,19.2.2013 16:10,6.89,129.9,0.9,3.23
528,19.2.2013 16:20,6.79,122.1,2.86,5.55
529,19.2.2013 16:30,6.93,74.3,2.15,3.56
530,19.2.2013 16:40,7.1,86.5,0.93,2.74
531,19.2.2013 16:50,7.54,118.8,1.85,3.62
532,19.2.2013 17:00,7.54,116.1,1.48,3.62
533,19.2.2013 17:10,7.78,119.6,1.65,3.56
534,19.2.2013 17:20,7.55,87.6,1.45,4.37
535,19.2.2013 17:30,7.4,66.3,1.4,4.5
536,19.2.2013 17:40,7.76,61.3,2.3,5.03
537,19.2.2013 17:50,7.1,106.1,1.83,4.14
538,19.2.2013 18:00,7.69,122.2,2.74,7.77
539,19.2.2013 18:10,7.54,133.4,3.84,8.1
540,19.2.2013 18:20,7.21,99.2,2.32,4.11
541,19.2.2013 18:30,6.97,114.2,3.11,5.78
542,19.2.2013 18:40,7.6,118,3.97,6.43
543,19.2.2013 18:50,7.73,120,4.2,7.18
544,19.2.2013 19:00,7.75,120.9,3.85,6.59
545,19.2.2013 19:10,7.58,127.7,3.76,5.94
546,19.2.2013 19:20,7.46,124.4,3.51,5.91
547,19.2.2013 19:30,7.52,129.9,4.03,6.23
548,19.2.2013 19:40,7.46,121.5,4.34,6.66
549,19.2.2013 19:50,7.42,126.1,4.22,6.53
550,19.2.2013 20:00,7.39,118.1,3.86,5.74
551,19.2.2013 20:10,7.36,120.2,2.93,4.6
552,19.2.2013 20:20,7.42,122.9,3.53,6.53
553,19.2.2013 20:30,7.02,127.5,3.31,4.93
554,19.2.2013 20:40,7.09,132.7,2.81,4.5
555,19.2.2013 20:50,7.14,128.7,3,4.9
556,19.2.2013 21:00,7.23,135.7,3.97,6.1
557,19.2.2013 21:10,7.01,129.6,3.51,6.04
558,19.2.2013 21:20,7.07,135.2,3.62,5.81
559,19.2.2013 21:30,7.07,139,3.37,5.22
560,19.2.2013 21:40,7.12,120.9,3.04,4.44
561,19.2.2013 21:50,7.07,128.1,2.97,4.44
562,19.2.2013 22:00,6.85,126.2,2.39,3.92
563,19.2.2013 22:10,6.98,138.1,3.68,5.94
564,19.2.2013 22:20,7.32,133.1,4.59,6.99
565,19.2.2013 22:30,7.1,133.1,4.78,7.51
566,19.2.2013 22:40,7.05,120.9,3.15,7.31
567,19.2.2013 22:50,7.11,129.7,4.56,7.38
568,19.2.2013 23:00,7.41,130.1,4.93,7.41
569,19.2.2013 23:10,7.25,128.2,4.88,6.79
570,19.2.2013 23:20,7.18,135.5,4.78,7.15
571,19.2.2013 23:30,7.17,134.4,4.36,6.66
572,19.2.2013 23:40,7.09,134,4.93,7.18
573,19.2.2013 23:50,6.9,126.4,3.85,6.04
574,20.2.2013 00:00,7.02,121,4.31,6.92
575,20.2.2013 00:10,6.9,119.6,4.56,6.72
576,20.2.2013 00:20,7.02,127.5,4.54,7.48
577,20.2.2013 00:30,6.91,120.4,3.6,6.3
578,20.2.2013 00:40,6.98,126.2,4.56,6.59
579,20.2.2013 00:50,6.99,122.5,4.72,7.61
580,20.2.2013 01:00,7.08,125.5,4.22,7.48
581,20.2.2013 01:10,6.92,130.5,4.62,7.35
582,20.2.2013 01:20,6.96,128.1,4.49,6.89
583,20.2.2013 01:30,6.89,134.9,4.62,6.89
584,20.2.2013 01:40,6.89,136.8,4.7,7.18
585,20.2.2013 01:50,6.86,138,5.5,7.8
586,20.2.2013 02:00,6.87,140.8,4.79,7.54
587,20.2.2013 02:10,6.73,147.7,4.03,6.99
588,20.2.2013 02:20,6.72,143.7,3.91,6.56
589,20.2.2013 02:30,6.73,153.4,4.93,10.52
590,20.2.2013 02:40,6.69,150.3,5.69,9.7
591,20.2.2013 02:50,6.79,138.3,5.93,10
592,20.2.2013 03:00,7.07,127.8,5.79,9.51
593,20.2.2013 03:10,7.67,132.5,2.66,9.24
594,20.2.2013 03:20,6,108.5,3.07,7.08
595,20.2.2013 03:30,6.4,131.8,1.65,3.82
596,20.2.2013 03:40,7.11,152.9,4.06,10.62
597,20.2.2013 03:50,6.55,107.9,4.69,8.23
598,20.2.2013 04:00,7.01,104.5,2.73,6.46
599,20.2.2013 04:10,6.75,151.3,4.27,9.7
600,20.2.2013 04:20,6.77,144.9,5.77,9.6
601,20.2.2013 04:30,6.81,156,6.36,10.55
602,20.2.2013 04:40,6.97,153.4,7.39,11.69
603,20.2.2013 04:50,6.96,146.4,6.51,10.16
604,20.2.2013 05:00,6.89,150.5,6.02,10.36
605,20.2.2013 05:10,6.87,149.7,6.22,10.32
606,20.2.2013 05:20,7.02,144.5,7.15,12.35
607,20.2.2013 05:30,7.01,129.5,7.33,13.13
608,20.2.2013 05:40,7.47,82.6,5.85,11.89
609,20.2.2013 05:50,7.56,342.6,2.59,5.52
610,20.2.2013 06:00,7.26,254.4,2.98,4.5
611,20.2.2013 06:10,7.28,255.7,3.26,5.68
612,20.2.2013 06:20,7.18,222.5,3.93,6.63
613,20.2.2013 06:30,6.57,183.8,5.67,9.51
614,20.2.2013 06:40,6.56,175.6,2.22,6.76
615,20.2.2013 06:50,6.48,199.6,1.47,3.36
616,20.2.2013 07:00,6.6,308.4,0.99,3.13
617,20.2.2013 07:10,6.93,159.4,3.13,9.57
618,20.2.2013 07:20,6.36,148.1,7.4,11.27
619,20.2.2013 07:30,6.93,125.7,6.52,9.08
620,20.2.2013 07:40,6.55,112.8,3.72,5.48
621,20.2.2013 07:50,7.09,130.6,3.97,7.7
622,20.2.2013 08:00,7.14,136.8,6.52,10.68
623,20.2.2013 08:10,7.23,133.1,5.38,8.56
624,20.2.2013 08:20,6.76,133,5.67,8.46
625,20.2.2013 08:30,6.79,135.5,6.9,10.16
626,20.2.2013 08:40,6.79,129,7.3,11.34
627,20.2.2013 08:50,6.96,125.4,6.97,10.75
628,20.2.2013 09:00,6.83,121.5,6.25,9.47
629,20.2.2013 09:10,6.83,119.2,5.22,7.9
630,20.2.2013 09:20,6.6,125.1,5.77,8.4
631,20.2.2013 09:30,6.57,131.2,5.44,8.56
632,20.2.2013 09:40,6.58,140.9,5.99,9.8
633,20.2.2013 09:50,6.31,93.6,4.19,8.26
634,20.2.2013 10:00,6.67,85.4,5.34,10.94
635,20.2.2013 10:10,7.62,118.7,8.75,14.21
636,20.2.2013 10:20,7.49,122.2,9.27,14.83
637,20.2.2013 10:30,7.57,123.1,8.76,12.51
638,20.2.2013 10:40,7.55,129.1,9.43,12.9
639,20.2.2013 10:50,7.59,125.5,8.1,12.35
640,20.2.2013 11:00,7.58,130.4,8.27,13.03
641,20.2.2013 11:10,7.54,128.8,8.17,11.17
642,20.2.2013 11:20,7.48,130.6,7.89,11.96
643,20.2.2013 11:30,7.53,129.8,8.18,11.79
644,20.2.2013 11:40,7.59,130.8,7.04,9.96
645,20.2.2013 11:50,7.45,134.2,6.93,10.09
646,20.2.2013 12:00,7.42,132.2,6.67,9.54
647,20.2.2013 12:10,7.38,128.1,7.1,10.32
648,20.2.2013 12:20,7.46,128.9,6.79,10.36
649,20.2.2013 12:30,7.52,130.6,6.6,9.73
650,20.2.2013 12:40,7.47,133.2,6.39,9.18
651,20.2.2013 12:50,7.26,133.1,6.29,10.06
652,20.2.2013 13:00,7.25,128.9,6.4,10.09
653,20.2.2013 13:10,7.23,124,6.09,9.15
654,20.2.2013 13:20,7.4,125.5,5.92,8.85
655,20.2.2013 13:30,7.46,127.6,6.33,9.47
656,20.2.2013 13:40,7.53,127.6,6.41,9.31
657,20.2.2013 13:50,7.6,132.1,6.24,10.29
658,20.2.2013 14:00,7.59,131.4,5.92,8.89
659,20.2.2013 14:10,7.7,131,6.07,8.49
660,20.2.2013 14:20,7.7,126.4,6.02,8.95
661,20.2.2013 14:30,7.67,136,6.17,9.21
662,20.2.2013 14:40,7.64,135.6,5.27,8.3
663,20.2.2013 14:50,7.56,133.3,4.9,7.77
664,20.2.2013 15:00,7.67,129.9,5.74,9.24
665,20.2.2013 15:10,7.67,132.2,5.51,8.72
666,20.2.2013 15:20,7.63,128,5.56,8.92
667,20.2.2013 15:30,7.71,131.2,4.59,7.74
668,20.2.2013 15:40,7.79,134.4,5.14,7.05
669,20.2.2013 15:50,7.66,131.7,4.71,6.46
670,20.2.2013 16:00,7.51,129.7,5.11,7.8
671,20.2.2013 16:10,7.42,117.6,4.08,6.23
672,20.2.2013 16:20,7.5,119.5,3.96,6.23
673,20.2.2013 16:30,7.56,118.2,4.14,5.91
674,20.2.2013 16:40,7.56,122.4,3.78,5.84
675,20.2.2013 16:50,7.67,128.1,4.72,6.79
676,20.2.2013 17:00,7.69,129.7,4.42,6.4
677,20.2.2013 17:10,7.71,131.6,4.14,6.27
678,20.2.2013 17:20,7.71,132.2,4.2,6.5
679,20.2.2013 17:30,7.64,129.7,3.79,5.81
680,20.2.2013 17:40,7.67,129.5,4.42,6.27
681,20.2.2013 17:50,7.57,123.2,4.07,6.1
682,20.2.2013 18:00,7.57,131.8,3.76,5.35
683,20.2.2013 18:10,7.52,133.8,3.41,5.78
684,20.2.2013 18:20,7.46,127.7,3.4,5.22
685,20.2.2013 18:30,7.47,128.5,3.89,5.91
686,20.2.2013 18:40,7.54,128.7,3.37,5.29
687,20.2.2013 18:50,7.6,130.1,4.15,6.17
688,20.2.2013 19:00,7.6,131.4,3.81,5.78
689,20.2.2013 19:10,7.56,129.5,3.93,5.74
690,20.2.2013 19:20,7.57,130.3,4.14,6.01
691,20.2.2013 19:30,7.48,133.9,3.87,5.29
692,20.2.2013 19:40,7.48,131,3.86,5.88
693,20.2.2013 19:50,7.5,128.5,3.92,5.88
694,20.2.2013 20:00,7.46,130,3.83,6.3
695,20.2.2013 20:10,7.4,130.8,3.25,5.25
696,20.2.2013 20:20,7.42,127.2,3.41,5.19
697,20.2.2013 20:30,7.35,115.1,2.42,3.65
698,20.2.2013 20:40,7.34,107,2.16,3.03
699,20.2.2013 20:50,7.45,101.9,2.21,3.62
700,20.2.2013 21:00,7.57,117.7,2.74,4.21
701,20.2.2013 21:10,7.75,127.3,3.65,5.35
702,20.2.2013 21:20,7.67,128.7,3.77,6.82
703,20.2.2013 21:30,7.6,126.7,3.19,5.06
704,20.2.2013 21:40,7.58,126.9,3,4.6
705,20.2.2013 21:50,7.62,130.5,3.42,5.58
706,20.2.2013 22:00,7.5,142.3,3.91,6.2
707,20.2.2013 22:10,7.32,134.4,3.21,4.73
708,20.2.2013 22:20,7.38,126.8,3.62,5.61
709,20.2.2013 22:30,7.49,114.8,3.71,5.45
710,20.2.2013 22:40,7.49,127.4,3.62,5.58
711,20.2.2013 22:50,7.46,136.1,3.53,5.74
712,20.2.2013 23:00,7.46,131.6,3.85,6.3
713,20.2.2013 23:10,7.42,126.7,3.33,4.8
714,20.2.2013 23:20,7.42,126.1,3.02,4.8
715,20.2.2013 23:30,7.44,135.9,2.87,4.31
716,20.2.2013 23:40,7.43,137.3,3.24,4.9
717,20.2.2013 23:50,7.38,133,3.33,5.12
718,21.2.2013 00:00,7.41,132.4,3.52,5.09
719,21.2.2013 00:10,7.34,140.1,2.99,4.76
720,21.2.2013 00:20,7.32,131,2.84,4.31
721,21.2.2013 00:30,7.38,128.9,3.11,4.63
722,21.2.2013 00:40,7.38,127.4,3.6,5.68
723,21.2.2013 00:50,7.37,127.9,3.36,5.16
724,21.2.2013 01:00,7.33,129.6,3.07,4.44
725,21.2.2013 01:10,7.28,130.1,3.06,4.9
726,21.2.2013 01:20,7.29,133.5,3.69,5.48
727,21.2.2013 01:30,7.3,135.4,3.95,6.14
728,21.2.2013 01:40,7.28,129.2,3.18,4.7
729,21.2.2013 01:50,7.21,127.9,2.79,4.24
730,21.2.2013 02:00,7.12,119.4,2.11,3.13
731,21.2.2013 02:10,7.05,110.3,1.94,2.87
732,21.2.2013 02:20,7.01,105.4,1.83,2.77
733,21.2.2013 02:30,6.98,99.3,1.89,2.9
734,21.2.2013 02:40,6.93,90.3,1.86,2.74
735,21.2.2013 02:50,6.89,88,2.1,3.36
736,21.2.2013 03:00,6.9,74.8,2.26,3
737,21.2.2013 03:10,6.92,77.6,2.1,2.9
738,21.2.2013 03:20,6.97,74.9,1.87,2.9
739,21.2.2013 03:30,6.77,88.8,1.74,2.38
740,21.2.2013 03:40,7.02,102,2.15,3.88
741,21.2.2013 03:50,6.81,115.6,2.31,3.46
742,21.2.2013 04:00,6.97,111.6,2.02,3.69
743,21.2.2013 04:10,6.61,86.5,1.85,3.1
744,21.2.2013 04:20,6.75,78.6,1.69,2.28
745,21.2.2013 04:30,6.77,85.4,1.96,3.2
746,21.2.2013 04:40,6.39,84.4,2.28,3.56
747,21.2.2013 04:50,6.23,76.2,2.31,3.88
748,21.2.2013 05:00,6.8,89.4,1.62,2.77
749,21.2.2013 05:10,6.62,78.8,2.58,3.92
750,21.2.2013 05:20,6.53,75.2,2.26,3.75
751,21.2.2013 05:30,6.72,78,2.13,3.43
752,21.2.2013 05:40,6.63,72.6,1.82,2.64
753,21.2.2013 05:50,6.56,81.1,1.87,2.97
754,21.2.2013 06:00,6.4,78.9,1.94,2.87
755,21.2.2013 06:10,6.24,75.8,2.29,2.74
756,21.2.2013 06:20,6.12,71.3,2.49,3.2
757,21.2.2013 06:30,6.24,64.8,2.46,3.16
758,21.2.2013 06:40,6.48,79.2,2.02,2.74
759,21.2.2013 06:50,6.65,85.2,1.66,2.9
760,21.2.2013 07:00,6.57,81,1.93,2.51
761,21.2.2013 07:10,6.77,86.7,1.81,2.61
762,21.2.2013 07:20,6.81,94.1,1.29,1.96
763,21.2.2013 07:30,6.72,89.6,1.49,2.22
764,21.2.2013 07:40,6.64,84,1.05,2.25
765,21.2.2013 07:50,6.77,54.3,0.81,1.63
766,21.2.2013 08:00,6.85,89.6,0.58,1.6
767,21.2.2013 08:10,6.79,83.4,0.53,1.63
768,21.2.2013 08:20,6.84,74.5,1.03,2.22
769,21.2.2013 08:30,6.77,101.4,1.06,1.96
770,21.2.2013 08:40,6.88,86.6,1.85,4.11
771,21.2.2013 08:50,6.91,94.6,0.97,3.52
772,21.2.2013 09:00,6.94,91.5,1.32,2.25
773,21.2.2013 09:10,6.82,96.3,1.11,3.26
774,21.2.2013 09:20,6.88,90.2,1.4,3.29
775,21.2.2013 09:30,6.79,61,1.03,1.76
776,21.2.2013 09:40,6.98,74.3,1.63,3.98
777,21.2.2013 09:50,6.94,92.1,1.21,2.28
778,21.2.2013 10:00,7.22,103.2,1.07,4.76
779,21.2.2013 10:10,7.04,209.9,1.17,3.2
780,21.2.2013 10:20,6.87,208.3,0.89,1.76
781,21.2.2013 10:30,6.67,77.4,0.55,1.47
782,21.2.2013 10:40,6.54,148.2,0.99,2.09
783,21.2.2013 10:50,6.94,18.2,0.63,1.53
784,21.2.2013 11:00,7.13,37,0.58,1.66
785,21.2.2013 11:10,7.22,257.2,1.66,3.75
786,21.2.2013 11:20,7.36,195.1,3.34,6.2
787,21.2.2013 11:30,7.58,177.9,2.62,4.8
788,21.2.2013 11:40,7.71,150.8,0.74,3
789,21.2.2013 11:50,7.16,101.5,2.59,4.08
790,21.2.2013 12:00,6.52,79.1,2.71,4.37
791,21.2.2013 12:10,6.55,60.4,1.47,3.43
792,21.2.2013 12:20,6.91,100.4,2.43,4.37
793,21.2.2013 12:30,6.99,66,1.18,2.45
794,21.2.2013 12:40,7.33,66.1,2.69,4.27
795,21.2.2013 12:50,6.63,112.2,3.84,5.39
796,21.2.2013 13:00,6.71,97.6,2.71,4.31
797,21.2.2013 13:10,6.68,101.2,1.21,2.71
798,21.2.2013 13:20,6.76,269.8,1.74,3
799,21.2.2013 13:30,7.29,248,3.27,4.67
800,21.2.2013 13:40,7.54,254,2.59,3.98
801,21.2.2013 13:50,7.76,270.3,2.18,3.39
802,21.2.2013 14:00,8.04,283.6,1.71,4.31
803,21.2.2013 14:10,8.13,258.1,1.7,3.65
804,21.2.2013 14:20,8.2,234.2,0.67,3.07
805,21.2.2013 14:30,8.16,210.1,0.26,0.98
806,21.2.2013 14:40,8.14,276.9,0.75,1.66
807,21.2.2013 14:50,8.12,293.8,1.6,2.38
808,21.2.2013 15:00,8.08,301.3,1.87,2.35
809,21.2.2013 15:10,7.6,25.8,1.14,1.89
810,21.2.2013 15:20,7.7,8.4,0.72,2.31
811,21.2.2013 15:30,7.94,351.9,2.54,4.14
812,21.2.2013 15:40,8,2.6,2.74,4.05
813,21.2.2013 15:50,7.61,29,1.75,2.61
814,21.2.2013 16:00,7.2,100.7,0.44,1.17
815,21.2.2013 16:10,7.02,352.4,0.08,1.07
816,21.2.2013 16:20,6.66,26.2,0.29,1.07
817,21.2.2013 16:30,6.58,76.7,0.06,0.58
818,21.2.2013 16:40,5.82,134.3,0.53,3
819,21.2.2013 16:50,5.42,101.1,1.19,2.41
820,21.2.2013 17:00,5.72,54,2.02,2.58
821,21.2.2013 17:10,6.57,68.6,2.26,3.62
822,21.2.2013 17:20,6.74,71.8,1.24,3.39
823,21.2.2013 17:30,6.72,85,1.53,2.94
824,21.2.2013 17:40,6.69,77.1,2.04,3.23
825,21.2.2013 17:50,6.63,75.4,2.35,3.23
826,21.2.2013 18:00,6.64,73.4,2.1,2.77
827,21.2.2013 18:10,6.66,72.1,2.36,2.97
828,21.2.2013 18:20,6.54,94,2.05,2.8
829,21.2.2013 18:30,6.45,91.2,1.7,2.64
830,21.2.2013 18:40,6.33,87.4,1.73,2.31
831,21.2.2013 18:50,6.38,86.1,1.72,2.38
832,21.2.2013 19:00,6.32,86.3,1.8,2.67
833,21.2.2013 19:10,6.29,85.2,1.93,2.71
834,21.2.2013 19:20,6.23,93.5,2.11,2.94
835,21.2.2013 19:30,6.24,88.7,2.05,2.87
836,21.2.2013 19:40,6.09,82.5,1.75,2.48
837,21.2.2013 19:50,6.2,73.2,1.9,3
838,21.2.2013 20:00,6.26,68.9,1.88,2.45
839,21.2.2013 20:10,6.39,69.8,1.79,2.87
840,21.2.2013 20:20,6.78,73.7,1.98,2.77
841,21.2.2013 20:30,6.65,75.8,2.12,3
842,21.2.2013 20:40,6.54,66.9,2.19,3.26
843,21.2.2013 20:50,6.41,69.9,2.35,2.9
844,21.2.2013 21:00,6.5,75.3,2.56,3.49
845,21.2.2013 21:10,6.65,71,2.56,3.39
846,21.2.2013 21:20,6.39,78.5,2.12,2.97
847,21.2.2013 21:30,6.58,93,1.34,2.48
848,21.2.2013 21:40,6.54,93,1.7,3.39
849,21.2.2013 21:50,6.42,71.9,2.15,3.16
850,21.2.2013 22:00,6.28,75.2,1.98,3.33
851,21.2.2013 22:10,6.39,63.6,1.8,2.64
852,21.2.2013 22:20,6.26,82.7,1.31,2.15
853,21.2.2013 22:30,6.13,93.7,1.26,2.64
854,21.2.2013 22:40,5.98,80.3,2.01,2.74
855,21.2.2013 22:50,5.95,79.8,2.07,2.74
856,21.2.2013 23:00,5.94,77.4,2.3,2.9
857,21.2.2013 23:10,5.97,75.3,2.22,3.03
858,21.2.2013 23:20,6.12,68.3,2.25,3.13
859,21.2.2013 23:30,6.24,65.6,2.06,2.87
860,21.2.2013 23:40,6.16,78.6,2.07,3.07
861,21.2.2013 23:50,5.9,76,2.33,3.1
862,22.2.2013 00:00,5.96,69.8,2.65,3.36
863,22.2.2013 00:10,5.98,71.5,2.35,3.26
864,22.2.2013 00:20,6.23,73.2,2.68,3.78
865,22.2.2013 00:30,6.33,80.4,2.2,3.62
866,22.2.2013 00:40,6.11,76.1,1.55,2.35
867,22.2.2013 00:50,6.24,104.8,1.69,3.2
868,22.2.2013 01:00,5.75,118.5,2.48,3.95
869,22.2.2013 01:10,5.59,85.3,2.21,3.29
870,22.2.2013 01:20,5.51,95.4,1.87,3.07
871,22.2.2013 01:30,5.4,76.6,2.39,3.26
872,22.2.2013 01:40,5.44,72.7,2.8,3.82
873,22.2.2013 01:50,5.25,80.3,2.71,3.72
874,22.2.2013 02:00,5.11,72.1,2.14,3.07
875,22.2.2013 02:10,5.57,59.8,2.62,3.75
876,22.2.2013 02:20,5.61,74,2.45,3.59
877,22.2.2013 02:30,5.28,86.8,2.02,3.03
878,22.2.2013 02:40,4.97,86.5,2.21,3.03
879,22.2.2013 02:50,5.13,81.6,1.85,2.9
880,22.2.2013 03:00,4.98,65.9,1.5,2.54
881,22.2.2013 03:10,5.33,62.5,1.65,2.9
882,22.2.2013 03:20,5.43,66.4,1.78,2.61
883,22.2.2013 03:30,5.47,69.9,1.86,2.9
884,22.2.2013 03:40,5.73,67.9,2.1,3.36
885,22.2.2013 03:50,5.88,81.8,2.21,3.46
886,22.2.2013 04:00,5.9,68.6,2.15,3.2
887,22.2.2013 04:10,5.64,56.7,1.96,3.2
888,22.2.2013 04:20,5.76,80.8,1.98,3.2
889,22.2.2013 04:30,5.55,76.8,1.74,2.8
890,22.2.2013 04:40,5.6,71.3,1.98,2.64
891,22.2.2013 04:50,5.34,69,2.26,3.56
892,22.2.2013 05:00,5.39,66.4,2.32,3.49
893,22.2.2013 05:10,5.85,88.6,2.2,3.75
894,22.2.2013 05:20,5.61,74,2.53,3.52
895,22.2.2013 05:30,5.62,76.6,3.18,4.67
896,22.2.2013 05:40,5.48,66.9,3.11,4.54
897,22.2.2013 05:50,5.28,69.7,2.35,3.33
898,22.2.2013 06:00,5.61,64.4,2.74,3.98
899,22.2.2013 06:10,6.05,67.5,2.65,3.92
900,22.2.2013 06:20,6.15,74.5,2.11,3.33
901,22.2.2013 06:30,6.08,78.5,1.98,3.39
902,22.2.2013 06:40,6,79.3,2.28,3.49
903,22.2.2013 06:50,5.82,83.9,2.48,3.62
904,22.2.2013 07:00,5.92,70.5,2.75,4.05
905,22.2.2013 07:10,5.95,73.1,2.29,3.1
906,22.2.2013 07:20,5.84,67.8,2.24,3.2
907,22.2.2013 07:30,5.56,75.3,2.3,3.26
908,22.2.2013 07:40,6.16,89.9,2.05,3.13
909,22.2.2013 07:50,5.78,85.9,1.81,2.58
910,22.2.2013 08:00,5.26,78,2,2.77
911,22.2.2013 08:10,4.94,63.2,2.43,3.07
912,22.2.2013 08:20,5.3,65.5,2.49,3.26
913,22.2.2013 08:30,5.07,62.9,2.18,2.64
914,22.2.2013 08:40,4.63,64.9,2.48,3
915,22.2.2013 08:50,5.06,66.2,2.69,3.75
916,22.2.2013 09:00,5.52,67,2.37,3.65
917,22.2.2013 09:10,5.46,77.4,2.76,4.6
918,22.2.2013 09:20,4.93,91.2,2.51,4.44
919,22.2.2013 09:30,5.02,73.9,2.55,3.95
920,22.2.2013 09:40,5.27,72.9,2,2.8
921,22.2.2013 09:50,5.36,67.7,2.28,3.92
922,22.2.2013 10:00,5.48,69.2,2.46,4.41
923,22.2.2013 10:10,5.49,62.6,2.96,4.37
924,22.2.2013 10:20,5.51,65.9,2.64,3.52
925,22.2.2013 10:30,5.47,62.6,2.8,4.9
926,22.2.2013 10:40,5.63,62.2,3.48,5.06
927,22.2.2013 10:50,5.91,65.3,4.05,6.37
928,22.2.2013 11:00,5.84,69.9,3.81,6.27
929,22.2.2013 11:10,5.97,66.5,3.44,4.73
930,22.2.2013 11:20,5.9,66.4,3.7,5.94
931,22.2.2013 11:30,6.09,58,3.65,5.09
932,22.2.2013 11:40,6.05,64.6,3.2,5.55
933,22.2.2013 11:50,5.96,67.4,2.87,4.73
934,22.2.2013 12:00,6,66.9,2.85,5.06
935,22.2.2013 12:10,5.88,66.7,2.67,4.21
936,22.2.2013 12:20,5.78,72.3,2.91,5.03
937,22.2.2013 12:30,6.13,68.1,2.86,4.34
938,22.2.2013 12:40,6.04,66.3,2.76,4.83
939,22.2.2013 12:50,6.02,77.3,2.2,4.6
940,22.2.2013 13:00,6.43,69.7,2.12,3.59
941,22.2.2013 13:10,6.28,90.9,2.07,3.36
942,22.2.2013 13:20,5.93,94.8,2.47,3.78
943,22.2.2013 13:30,6.07,84.2,1.51,2.48
944,22.2.2013 13:40,5.94,77.3,1.69,2.8
945,22.2.2013 13:50,5.9,82,1.68,2.87
946,22.2.2013 14:00,5.67,66.8,1.8,2.87
947,22.2.2013 14:10,5.55,63.4,0.91,1.6
948,22.2.2013 14:20,5.59,77.1,1.34,2.18
949,22.2.2013 14:30,5.9,63.8,1.7,2.74
950,22.2.2013 14:40,5.46,72.5,1.93,3.2
951,22.2.2013 14:50,5.26,65.7,2.71,3.36
952,22.2.2013 15:00,5.14,66.4,3.24,4.24
953,22.2.2013 15:10,5.55,63.5,2.77,4.63
954,22.2.2013 15:20,5.61,65.2,2.73,4.37
955,22.2.2013 15:30,5.97,66,2.7,4.57
956,22.2.2013 15:40,6.06,92.3,1.72,3.65
957,22.2.2013 15:50,6.08,85.7,1.82,4.24
958,22.2.2013 16:00,5.72,89,2.25,3.92
959,22.2.2013 16:10,5.95,67.4,2.17,4.47
960,22.2.2013 16:20,5.87,71.7,1.76,2.77
961,22.2.2013 16:30,6.05,94.1,2.5,4.34
962,22.2.2013 16:40,5.9,64,2.59,4.08
963,22.2.2013 16:50,5.9,69.6,2.53,3.23
964,22.2.2013 17:00,5.92,69.6,2.81,4.5
965,22.2.2013 17:10,6.02,81.2,2.22,4.34
966,22.2.2013 17:20,5.93,73,2.8,4.6
967,22.2.2013 17:30,6,70.2,2.17,3.56
968,22.2.2013 17:40,5.9,74.2,1.11,2.05
969,22.2.2013 17:50,5.68,74.4,1.28,1.99
970,22.2.2013 18:00,5.62,96.7,2.02,3.33
971,22.2.2013 18:10,5.57,66.2,1.65,2.28
972,22.2.2013 18:20,5.38,61.2,2.06,2.61
973,22.2.2013 18:30,5.27,62.4,2.45,3.07
974,22.2.2013 18:40,5.26,63.8,2.99,3.72
975,22.2.2013 18:50,5.6,68.7,2.53,3.23
976,22.2.2013 19:00,5.88,61.6,2.26,3.07
977,22.2.2013 19:10,5.91,73,2.2,3.39
978,22.2.2013 19:20,5.51,79.3,2.22,3.16
979,22.2.2013 19:30,5.47,68.7,1.98,2.9
980,22.2.2013 19:40,5.7,71.6,2.19,2.97
981,22.2.2013 19:50,5.18,73.5,2.37,2.84
982,22.2.2013 20:00,5.38,73.3,2.24,2.97
983,22.2.2013 20:10,5.53,70.6,1.19,1.96
984,22.2.2013 20:20,5.54,70.6,1.34,2.05
985,22.2.2013 20:30,5.39,67.7,1.6,2.15
986,22.2.2013 20:40,5.51,57.7,1.44,1.89
987,22.2.2013 20:50,5.47,67.6,0.99,1.6
988,22.2.2013 21:00,5.39,60.7,1.27,1.86
989,22.2.2013 21:10,5.59,51,1.59,2.25
990,22.2.2013 21:20,5.47,71.3,1.59,2.38
991,22.2.2013 21:30,5.27,78.9,1.64,2.22
992,22.2.2013 21:40,5.37,82.3,1.48,2.09
993,22.2.2013 21:50,5.49,75.5,1.6,3.13
994,22.2.2013 22:00,5.46,62.4,1.98,3.16
995,22.2.2013 22:10,5.51,54.1,1.8,2.31
996,22.2.2013 22:20,5.65,55.9,1.29,1.99
997,22.2.2013 22:30,5.51,60.9,1.5,1.99
998,22.2.2013 22:40,5.63,52.7,1.65,2.22
999,22.2.2013 22:50,5.59,64.3,1.33,1.89
1000,22.2.2013 23:00,5.47,94.1,1.49,2.28
1001,22.2.2013 23:10,5.4,105.6,0.64,2.02
1002,22.2.2013 23:20,5.28,86.9,1.27,2.12
1003,22.2.2013 23:30,5.46,68.1,1.51,2.87
1004,22.2.2013 23:40,5.24,69.3,2.27,3.43
1005,22.2.2013 23:50,5.22,62.9,2.92,3.85
1006,23.2.2013 00:00,5.22,61.7,2.36,3.33
1007,23.2.2013 00:10,5.27,64.4,2.35,3.03
1008,23.2.2013 00:20,5.22,60.4,2.43,3.26
1009,23.2.2013 00:30,5.27,61.5,2.22,2.77
1010,23.2.2013 00:40,5.32,57.3,2.1,3.03
1011,23.2.2013 00:50,5.31,69.4,2.09,2.74
1012,23.2.2013 01:00,5.26,83.7,1.89,3.26
1013,23.2.2013 01:10,5.2,112.2,1.13,2.02
1014,23.2.2013 01:20,5.23,130.4,0.6,2.02
1015,23.2.2013 01:30,5.23,123.1,1.81,2.97
1016,23.2.2013 01:40,5.18,106.7,1.96,3.33
1017,23.2.2013 01:50,4.94,77.6,2.02,3.03
1018,23.2.2013 02:00,4.9,71.8,1.74,3.36
1019,23.2.2013 02:10,4.86,85.7,2.05,2.94
1020,23.2.2013 02:20,4.88,72.5,2.43,3.2
1021,23.2.2013 02:30,4.92,62.6,2.78,3.52
1022,23.2.2013 02:40,4.84,61.3,2.57,3.29
1023,23.2.2013 02:50,4.78,61.4,2.82,3.52
1024,23.2.2013 03:00,4.76,60.2,3.08,3.65
1025,23.2.2013 03:10,4.82,54.8,2.98,4.21
1026,23.2.2013 03:20,4.86,66.9,2.74,3.78
1027,23.2.2013 03:30,4.76,67,3.08,4.14
1028,23.2.2013 03:40,4.85,53.8,3,4.27
1029,23.2.2013 03:50,4.87,56.2,1.82,2.94
1030,23.2.2013 04:00,4.82,49.8,1.67,2.22
1031,23.2.2013 04:10,4.76,47.5,1.26,1.96
1032,23.2.2013 04:20,4.6,63.9,0.55,0.88
1033,23.2.2013 04:30,4.25,51.9,0.81,1.3
1034,23.2.2013 04:40,4.14,57.8,1.88,2.97
1035,23.2.2013 04:50,3.75,61.9,3,3.62
1036,23.2.2013 05:00,3.98,59.8,3.14,3.49
1037,23.2.2013 05:10,4.17,54.7,2.76,3.46
1038,23.2.2013 05:20,4.57,48.5,3.02,3.92
1039,23.2.2013 05:30,4.78,44.9,2.84,3.56
1040,23.2.2013 05:40,4.92,43.3,2.99,3.69
1041,23.2.2013 05:50,4.47,59.8,2.29,3.39
1042,23.2.2013 06:00,3.9,63.4,2.51,3.52
1043,23.2.2013 06:10,4.21,61.3,2.32,3.13
1044,23.2.2013 06:20,4.31,58.4,2.07,2.8
1045,23.2.2013 06:30,4.56,64.7,1.97,3.72
1046,23.2.2013 06:40,4.74,98.4,1.09,2.02
1047,23.2.2013 06:50,4.09,177.9,0.73,2.22
1048,23.2.2013 07:00,3.97,295.1,0.45,1.17
1049,23.2.2013 07:10,4.49,80.1,1.07,2.71
1050,23.2.2013 07:20,4.59,95.3,2.38,3.98
1051,23.2.2013 07:30,4.14,75.8,1.79,3.39
1052,23.2.2013 07:40,3.83,62.2,3.55,4.24
1053,23.2.2013 07:50,3.88,64.2,3.3,3.65
1054,23.2.2013 08:00,4.27,53.5,3.13,4.37
1055,23.2.2013 08:10,4.45,43.3,2.94,4.11
1056,23.2.2013 08:20,4.46,39.3,2.18,2.9
1057,23.2.2013 08:30,4.45,54.8,1.52,2.35
1058,23.2.2013 08:40,4.14,53.6,1.88,2.35
1059,23.2.2013 08:50,3.83,60.1,1.84,2.51
1060,23.2.2013 09:00,3.62,59.3,2.19,3.07
1061,23.2.2013 09:10,3.7,59.7,2.42,2.9
1062,23.2.2013 09:20,3.83,56.8,1.56,2.22
1063,23.2.2013 09:30,3.9,52.6,1.38,1.79
1064,23.2.2013 09:40,3.99,57,2.15,2.51
1065,23.2.2013 09:50,3.94,58.7,2.47,3.16
1066,23.2.2013 10:00,4.49,54.9,2.63,3.33
1067,23.2.2013 10:10,4.39,59.7,2.27,2.84
1068,23.2.2013 10:20,4.63,56.9,2.15,2.51
1069,23.2.2013 10:30,4.72,59.9,2,2.64
1070,23.2.2013 10:40,4.86,76.7,1.25,2.02
1071,23.2.2013 10:50,4.88,148,2.24,3.52
1072,23.2.2013 11:00,4.84,193.1,0.16,1.3
1073,23.2.2013 11:10,4.86,219,0.66,1.69
1074,23.2.2013 11:20,4.81,165.9,0.29,1.24
1075,23.2.2013 11:30,4.62,61.4,2.4,4.01
1076,23.2.2013 11:40,4.69,60.7,3.82,4.44
1077,23.2.2013 11:50,4.74,70.5,3.45,4.14
1078,23.2.2013 12:00,5,57.7,2.37,3.23
1079,23.2.2013 12:10,5.26,52.8,1.47,2.18
1080,23.2.2013 12:20,5.36,72,0.62,1.17
1081,23.2.2013 12:30,5.39,130.9,0.77,1.92
1082,23.2.2013 12:40,4.94,82.3,2.37,3.62
1083,23.2.2013 12:50,4.9,60.2,2.91,3.62
1084,23.2.2013 13:00,5.11,52.2,2.83,3.95
1085,23.2.2013 13:10,5.39,49.7,2.6,3.62
1086,23.2.2013 13:20,5.55,59.8,2.13,2.97
1087,23.2.2013 13:30,5.71,63.3,1.82,2.61
1088,23.2.2013 13:40,5.84,54,1.6,2.38
1089,23.2.2013 13:50,5.92,63.6,1.67,2.28
1090,23.2.2013 14:00,5.82,80.3,1.64,2.15
1091,23.2.2013 14:10,5.72,73.3,1.84,2.48
1092,23.2.2013 14:20,5.66,65.5,1.6,2.31
1093,23.2.2013 14:30,5.75,62.6,1.53,2.58
1094,23.2.2013 14:40,5.93,74.9,1.47,2.51
1095,23.2.2013 14:50,6.08,94.5,1.6,2.97
1096,23.2.2013 15:00,6.06,116.1,2.15,3.1
1097,23.2.2013 15:10,6.08,105.4,1.58,2.18
1098,23.2.2013 15:20,5.94,69.6,1.49,2.41
1099,23.2.2013 15:30,6.05,70.1,1.54,2.35
1100,23.2.2013 15:40,6.05,77,1.4,2.35
1101,23.2.2013 15:50,5.95,84.7,1.45,2.28
1102,23.2.2013 16:00,5.89,85.6,1.63,2.77
1103,23.2.2013 16:10,5.92,62.5,1.8,2.67
1104,23.2.2013 16:20,5.92,68.3,1.35,2.58
1105,23.2.2013 16:30,5.73,74.5,1.97,2.74
1106,23.2.2013 16:40,5.72,74.5,1.65,2.45
1107,23.2.2013 16:50,5.75,70.8,1.52,2.15
1108,23.2.2013 17:00,5.63,73.3,1.8,2.25
1109,23.2.2013 17:10,5.66,75.8,1.51,2.28
1110,23.2.2013 17:20,5.4,83.4,1.47,2.09
1111,23.2.2013 17:30,5.28,76.5,1.49,1.96
1112,23.2.2013 17:40,5.19,74.8,1.67,2.41
1113,23.2.2013 17:50,5.25,69.3,1.86,2.61
1114,23.2.2013 18:00,5.42,58.8,2.07,2.97
1115,23.2.2013 18:10,5.39,71.7,1.99,2.87
1116,23.2.2013 18:20,5.08,70.9,2.4,3.2
1117,23.2.2013 18:30,5.14,66.8,2.41,3.2
1118,23.2.2013 18:40,5.26,60.4,2.5,3.07
1119,23.2.2013 18:50,5.39,59.5,2.37,3.39
1120,23.2.2013 19:00,4.83,140.1,3.03,5.91
1121,23.2.2013 19:10,4.62,147.8,1.55,4.31
1122,23.2.2013 19:20,4.92,121.4,3.12,5.74
1123,23.2.2013 19:30,4.62,64,2.24,2.77
1124,23.2.2013 19:40,4.93,57.6,2.44,3.1
1125,23.2.2013 19:50,4.67,67.2,2.8,3.52
1126,23.2.2013 20:00,4.71,62,2.94,4.63
1127,23.2.2013 20:10,4.79,72.6,1.79,2.9
1128,23.2.2013 20:20,4.75,72.1,1.37,1.82
1129,23.2.2013 20:30,4.85,73.7,1.63,2.74
1130,23.2.2013 20:40,4.94,73.7,1.48,2.18
1131,23.2.2013 20:50,4.94,76,1.74,3.1
1132,23.2.2013 21:00,4.88,73.9,1.8,2.77
1133,23.2.2013 21:10,4.85,87.7,1.99,2.94
1134,23.2.2013 21:20,4.76,96.2,1.66,2.41
1135,23.2.2013 21:30,4.74,93.4,1.94,2.84
1136,23.2.2013 21:40,4.78,82.3,1.89,2.97
1137,23.2.2013 21:50,4.82,85.5,2.15,2.74
1138,23.2.2013 22:00,4.94,74.1,2.17,2.94
1139,23.2.2013 22:10,5.02,88.9,2.14,3.65
1140,23.2.2013 22:20,5.06,117.8,1.82,3.23
1141,23.2.2013 22:30,4.9,98.9,1.21,2.25
1142,23.2.2013 22:40,4.74,84.6,1.88,2.64
1143,23.2.2013 22:50,4.68,96.5,2.41,3.39
1144,23.2.2013 23:00,4.75,114.2,2.54,3.78
1145,23.2.2013 23:10,4.74,103.1,2.28,3.78
1146,23.2.2013 23:20,4.79,141.9,2.29,5.88
1147,23.2.2013 23:30,4.68,170.5,2.99,5.65
1148,23.2.2013 23:40,4.44,100.4,1.88,2.71
1149,23.2.2013 23:50,4.31,99.8,2.85,5.84
1150,24.2.2013 00:00,4.12,90,2.25,4.6
1151,24.2.2013 00:10,4.24,64.5,2.54,3.92
1152,24.2.2013 00:20,4.25,73.9,3.32,4.83
1153,24.2.2013 00:30,4.35,59.4,3.17,4.47
1154,24.2.2013 00:40,4.75,63.8,2.41,3.78
1155,24.2.2013 00:50,4.93,73.4,2.1,2.97
1156,24.2.2013 01:00,4.66,95.3,2.4,3.72
1157,24.2.2013 01:10,4.52,103.2,1.81,2.54
1158,24.2.2013 01:20,4.49,107.2,1.79,3
1159,24.2.2013 01:30,4.37,93.6,2.02,3.75
1160,24.2.2013 01:40,4.43,102.6,2.16,3.33
1161,24.2.2013 01:50,4.57,100.3,2.28,3.23
1162,24.2.2013 02:00,4.67,94.7,2.31,3.65
1163,24.2.2013 02:10,4.49,120.8,2.13,4.05
1164,24.2.2013 02:20,3.35,191,2.79,7.38
1165,24.2.2013 02:30,3.73,121.4,2.42,6.1
1166,24.2.2013 02:40,3.94,117.2,3.68,6.43
1167,24.2.2013 02:50,3.71,100,2.98,4.31
1168,24.2.2013 03:00,3.67,81.8,3.75,5.61
1169,24.2.2013 03:10,3.73,108.3,4.87,6.53
1170,24.2.2013 03:20,3.6,101.6,3.29,5.16
1171,24.2.2013 03:30,3.48,81.7,2.12,3.39
1172,24.2.2013 03:40,3.79,55.2,1.57,3.13
1173,24.2.2013 03:50,4.33,51.3,2.37,3.98
1174,24.2.2013 04:00,4.73,87.8,2.39,5.09
1175,24.2.2013 04:10,4.56,114.6,2.86,6.46
1176,24.2.2013 04:20,3.21,217.4,4.79,8.95
1177,24.2.2013 04:30,2.94,239.2,2.97,5.45
1178,24.2.2013 04:40,3.08,295.3,1.46,2.94
1179,24.2.2013 04:50,3.67,1.1,1.45,2.9
1180,24.2.2013 05:00,3.83,88.1,1.37,2.45
1181,24.2.2013 05:10,3.5,74.2,2.96,3.95
1182,24.2.2013 05:20,3.76,61.6,2.91,4.14
1183,24.2.2013 05:30,4.82,92,2.9,4.7
1184,24.2.2013 05:40,4.51,95.7,2.17,4.08
1185,24.2.2013 05:50,4.15,78.5,2.3,3.2
1186,24.2.2013 06:00,4.14,72.2,2.2,3.29
1187,24.2.2013 06:10,4.28,79.4,2.03,2.94
1188,24.2.2013 06:20,4.34,89.6,2.06,3.07
1189,24.2.2013 06:30,4.62,109.1,2.8,3.78
1190,24.2.2013 06:40,4.62,119.1,3.1,5.48
1191,24.2.2013 06:50,4.7,112.1,3.33,5.61
1192,24.2.2013 07:00,4.38,112.5,4.75,6.89
1193,24.2.2013 07:10,4.29,99.9,3.34,4.8
1194,24.2.2013 07:20,4.41,69.8,2.91,3.65
1195,24.2.2013 07:30,4.57,89.7,3.02,4.37
1196,24.2.2013 07:40,4.6,142.2,3.77,6.92
1197,24.2.2013 07:50,4.29,126.8,3.27,5.78
1198,24.2.2013 08:00,4.17,114,3.18,4.44
1199,24.2.2013 08:10,4,102.2,3.77,6.04
1200,24.2.2013 08:20,3.92,88.4,3.36,4.96
1201,24.2.2013 08:30,4.63,78.7,3.05,4.24
1202,24.2.2013 08:40,4.93,123.5,3.37,6.04
1203,24.2.2013 08:50,4.88,132.7,4.06,5.91
1204,24.2.2013 09:00,4.86,133.5,4.88,7.67
1205,24.2.2013 09:10,4.7,135.3,4.75,7.08
1206,24.2.2013 09:20,4.66,136.3,4.34,6.43
1207,24.2.2013 09:30,4.73,126.1,4.48,6.95
1208,24.2.2013 09:40,4.85,118.6,5.25,7.67
1209,24.2.2013 09:50,4.96,123.6,5.61,8.79
1210,24.2.2013 10:00,5.03,127,6.24,9.7
1211,24.2.2013 10:10,4.9,119.7,6.83,9.15
1212,24.2.2013 10:20,5.05,116.5,6.21,10.39
1213,24.2.2013 10:30,5.46,124,7.12,10.81
1214,24.2.2013 10:40,5.58,124.5,7.37,11.2
1215,24.2.2013 10:50,5.66,123.2,7.6,10.55
1216,24.2.2013 11:00,5.8,123.2,7.32,10
1217,24.2.2013 11:10,5.8,124.7,7.32,10.45
1218,24.2.2013 11:20,5.92,122,7.74,11.11
1219,24.2.2013 11:30,5.91,121.5,6.75,9.05
1220,24.2.2013 11:40,6,117.4,6.68,9.05
1221,24.2.2013 11:50,6.19,123,7.23,10.78
1222,24.2.2013 12:00,6.13,130.4,7.18,12.64
1223,24.2.2013 12:10,6.07,135.8,7.54,11.07
1224,24.2.2013 12:20,5.92,142.1,6.05,8.46
1225,24.2.2013 12:30,5.51,126,6.07,8.46
1226,24.2.2013 12:40,5.67,117.6,5.32,7.64
1227,24.2.2013 12:50,6.16,122.7,6.19,10.42
1228,24.2.2013 13:00,6.26,139.3,6.38,10.16
1229,24.2.2013 13:10,6.41,153.3,6.26,10.45
1230,24.2.2013 13:20,6.45,157.7,5.6,8.92
1231,24.2.2013 13:30,6.46,158.3,6.08,10.65
1232,24.2.2013 13:40,6.49,158.6,5.11,9.54
1233,24.2.2013 13:50,6.54,163.5,5.73,10.75
1234,24.2.2013 14:00,6.6,174.9,6.64,11.86
1235,24.2.2013 14:10,6.65,171.7,5.04,9.9
1236,24.2.2013 14:20,6.69,178.3,6.33,10.75
1237,24.2.2013 14:30,6.72,172.3,4.85,9.67
1238,24.2.2013 14:40,6.77,179.5,5.31,9.73
1239,24.2.2013 14:50,6.73,173.4,4.31,7.93
1240,24.2.2013 15:00,6.77,176.4,4.81,8.36
1241,24.2.2013 15:10,6.8,170.8,5.37,9.34
1242,24.2.2013 15:20,6.81,176.8,5.86,9.96
1243,24.2.2013 15:30,6.81,177.5,4.82,8.92
1244,24.2.2013 15:40,6.73,167.1,4.08,7.51
1245,24.2.2013 15:50,6.79,159.1,4.37,8.85
1246,24.2.2013 16:00,6.84,156.5,4.48,9.08
1247,24.2.2013 16:10,6.92,168.4,4.65,10.16
1248,24.2.2013 16:20,6.89,161.4,4.46,7.87
1249,24.2.2013 16:30,6.81,167.8,3.97,7.18
1250,24.2.2013 16:40,6.81,171,4.45,8.23
1251,24.2.2013 16:50,6.89,176.7,4.64,8.2
1252,24.2.2013 17:00,6.93,176,4.46,8.07
1253,24.2.2013 17:10,6.91,172.4,4.66,8.1
1254,24.2.2013 17:20,6.93,176.3,4.6,8.26
1255,24.2.2013 17:30,6.97,170.5,4.28,8.04
1256,24.2.2013 17:40,6.98,173.3,4.73,9.96
1257,24.2.2013 17:50,6.98,178.7,5.15,8.79
1258,24.2.2013 18:00,6.91,160.8,3.32,6.79
1259,24.2.2013 18:10,6.91,160.9,3.5,6.92
1260,24.2.2013 18:20,7.02,166,4.11,9.6
1261,24.2.2013 18:30,7,167.5,3.99,8.82
1262,24.2.2013 18:40,6.93,164.1,3.35,6.46
1263,24.2.2013 18:50,6.94,169.7,4.09,7.31
1264,24.2.2013 19:00,6.89,174.4,4.26,7.51
1265,24.2.2013 19:10,6.79,178.2,3.79,6.07
1266,24.2.2013 19:20,6.63,153.7,2.83,5.78
1267,24.2.2013 19:30,6.63,138.6,3.31,4.9
1268,24.2.2013 19:40,6.77,147.9,5.25,8.2
1269,24.2.2013 19:50,6.77,151.9,4.74,9.02
1270,24.2.2013 20:00,6.69,148.7,3.51,5.58
1271,24.2.2013 20:10,6.77,166.3,3.93,7.7
1272,24.2.2013 20:20,6.74,170.3,4.75,8.2
1273,24.2.2013 20:30,6.7,163.5,3.6,7.7
1274,24.2.2013 20:40,6.61,164.5,4.15,7.25
1275,24.2.2013 20:50,6.52,158.4,4.07,6.53
1276,24.2.2013 21:00,6.56,146.2,4.63,7.44
1277,24.2.2013 21:10,6.5,140.8,4.82,6.89
1278,24.2.2013 21:20,6.48,126.1,4.61,6.43
1279,24.2.2013 21:30,6.49,125.3,4.4,6.56
1280,24.2.2013 21:40,6.53,132.1,5.47,8.59
1281,24.2.2013 21:50,6.5,132,4.53,7.05
1282,24.2.2013 22:00,6.51,122.5,5.16,7.57
1283,24.2.2013 22:10,6.53,115.6,4.69,6.76
1284,24.2.2013 22:20,6.76,129,5.54,8.23
1285,24.2.2013 22:30,6.91,130.7,6.35,9.18
1286,24.2.2013 22:40,6.97,124.1,5.92,9.9
1287,24.2.2013 22:50,7.11,128.8,6.15,9.11
1288,24.2.2013 23:00,7.13,126.6,5.88,9.31
1289,24.2.2013 23:10,7.22,126.9,6,8.79
1290,24.2.2013 23:20,7.4,129.9,6.45,9.21
1291,24.2.2013 23:30,7.38,125.9,6.42,9.54
1292,24.2.2013 23:40,7.43,125,6.88,9.11
1293,24.2.2013 23:50,7.38,126.6,6.61,9.73
1294,25.2.2013 00:00,7.4,129.3,6.36,9.41
1295,25.2.2013 00:10,7.4,130.4,6.84,9.7
1296,25.2.2013 00:20,7.35,127.6,6.04,9.34
1297,25.2.2013 00:30,7.38,125.8,6.54,10.32
1298,25.2.2013 00:40,7.43,125.4,6.55,10
1299,25.2.2013 00:50,7.46,128.9,7.02,10.29
1300,25.2.2013 01:00,7.4,124.3,6.98,10.68
1301,25.2.2013 01:10,7.46,129.4,6.4,9.87
1302,25.2.2013 01:20,7.7,124.6,7.13,10.55
1303,25.2.2013 01:30,7.66,122.6,7.09,10.03
1304,25.2.2013 01:40,7.79,122.2,6,9.47
1305,25.2.2013 01:50,7.6,122.5,6.25,9.8
1306,25.2.2013 02:00,7.79,125.6,5.14,8.1
1307,25.2.2013 02:10,7.78,123.4,4.79,7.02
1308,25.2.2013 02:20,7.85,123.5,5.3,7.51
1309,25.2.2013 02:30,7.86,117.8,5.06,7.87
1310,25.2.2013 02:40,7.78,120.6,4.81,8.1
1311,25.2.2013 02:50,7.87,121.7,4.97,9.28
1312,25.2.2013 03:00,7.55,120.9,4.76,8.23
1313,25.2.2013 03:10,7.49,114.4,4.72,7.08
1314,25.2.2013 03:20,7.53,108.7,4.24,5.84
1315,25.2.2013 03:30,7.72,105.5,4.81,6.56
1316,25.2.2013 03:40,7.62,112.1,4.37,5.88
1317,25.2.2013 03:50,7.6,110.3,4.38,6.1
1318,25.2.2013 04:00,7.74,102,4.39,7.38
1319,25.2.2013 04:10,7.79,103,5.27,8.4
1320,25.2.2013 04:20,7.76,106.1,4.8,7.12
1321,25.2.2013 04:30,7.75,109.2,4.46,6.72
1322,25.2.2013 04:40,7.79,104.3,4.08,6.2
1323,25.2.2013 04:50,7.82,105.9,3.96,5.65
1324,25.2.2013 05:00,7.79,119,4.38,6.72
1325,25.2.2013 05:10,7.77,111.6,4.21,6.07
1326,25.2.2013 05:20,7.81,111.7,4.44,6.2
1327,25.2.2013 05:30,7.79,115.3,4.16,6.1
1328,25.2.2013 05:40,7.84,112.2,4.31,6.37
1329,25.2.2013 05:50,7.83,109.5,4.01,6.37
1330,25.2.2013 06:00,7.72,108.9,4.06,5.97
1331,25.2.2013 06:10,7.71,106.8,4.09,6.17
1332,25.2.2013 06:20,7.71,113.1,4.03,5.94
1333,25.2.2013 06:30,7.64,109.8,3.39,5.35
1334,25.2.2013 06:40,7.61,115.7,3.88,5.42
1335,25.2.2013 06:50,7.71,123,3.85,5.52
1336,25.2.2013 07:00,7.72,128.9,4.08,6.1
1337,25.2.2013 07:10,7.71,126.9,3.44,5.35
1338,25.2.2013 07:20,7.73,131.3,3.23,4.96
1339,25.2.2013 07:30,7.67,137.2,2.81,4.8
1340,25.2.2013 07:40,7.68,126.2,2.42,4.21
1341,25.2.2013 07:50,7.67,131,2.99,4.67
1342,25.2.2013 08:00,7.66,144.1,2.68,4.41
1343,25.2.2013 08:10,7.76,146.4,1.86,3.72
1344,25.2.2013 08:20,7.79,149.8,1.41,4.6
1345,25.2.2013 08:30,7.9,165.5,1.7,4.54
1346,25.2.2013 08:40,7.99,175.1,2.09,5.16
1347,25.2.2013 08:50,7.95,206.7,0.93,4.11
1348,25.2.2013 09:00,7.98,29.8,0.64,1.63
1349,25.2.2013 09:10,7.88,88,1.57,2.54
1350,25.2.2013 09:20,7.91,98.3,2.54,3.72
1351,25.2.2013 09:30,7.82,94.7,0.74,2.58
1352,25.2.2013 09:40,7.87,100.1,1.12,1.99
1353,25.2.2013 09:50,7.7,85.3,1.59,2.48
1354,25.2.2013 10:00,7.49,82.8,1.98,2.74
1355,25.2.2013 10:10,7.46,91.4,2.27,2.84
1356,25.2.2013 10:20,7.59,84.5,1.71,2.38
1357,25.2.2013 10:30,7.55,74.2,1.76,2.97
1358,25.2.2013 10:40,7.44,66.2,2.43,3.23
1359,25.2.2013 10:50,7.54,76.6,2.19,2.77
1360,25.2.2013 11:00,7.5,71.7,2.35,2.84
1361,25.2.2013 11:10,7.63,67.1,2.66,3.52
1362,25.2.2013 11:20,7.68,82.2,2.66,3.59
1363,25.2.2013 11:30,7.56,74.4,3.14,4.14
1364,25.2.2013 11:40,7.64,65.3,3.28,4.21
1365,25.2.2013 11:50,7.57,66.2,3.57,4.31
1366,25.2.2013 12:00,7.7,66,3.49,4.63
1367,25.2.2013 12:10,7.65,71.4,3.71,4.5
1368,25.2.2013 12:20,7.66,71.2,3.68,4.93
1369,25.2.2013 12:30,7.74,71.7,3.22,4.11
1370,25.2.2013 12:40,7.68,64.7,3.06,3.88
1371,25.2.2013 12:50,7.6,65.1,3.36,3.95
1372,25.2.2013 13:00,7.66,71,3.04,3.95
1373,25.2.2013 13:10,7.78,63.7,3.25,4.21
1374,25.2.2013 13:20,7.89,60.7,2.76,3.78
1375,25.2.2013 13:30,8.05,70.1,2.57,3.88
1376,25.2.2013 13:40,7.79,80.6,2.68,3.65
1377,25.2.2013 13:50,7.88,74.6,2.66,3.75
1378,25.2.2013 14:00,8,72.2,2.73,3.92
1379,25.2.2013 14:10,8.03,76.8,2.25,3.43
1380,25.2.2013 14:20,7.95,88.7,2.02,2.87
1381,25.2.2013 14:30,7.92,97.8,1.89,2.87
1382,25.2.2013 14:40,7.82,110.1,1.95,2.87
1383,25.2.2013 14:50,7.75,106.3,2.03,2.67
1384,25.2.2013 15:00,7.88,81.8,1.88,2.74
1385,25.2.2013 15:10,7.91,77.5,2.16,3.33
1386,25.2.2013 15:20,7.88,80.4,1.91,2.74
1387,25.2.2013 15:30,7.83,81.5,2.1,2.84
1388,25.2.2013 15:40,7.87,74.8,2.04,2.77
1389,25.2.2013 15:50,7.95,69.8,2.04,2.71
1390,25.2.2013 16:00,7.91,84.4,2.67,3.95
1391,25.2.2013 16:10,7.9,87,2.94,3.95
1392,25.2.2013 16:20,7.87,88,2.78,3.72
1393,25.2.2013 16:30,7.89,86.5,3.06,3.88
1394,25.2.2013 16:40,7.92,84.4,2.59,3.78
1395,25.2.2013 16:50,7.89,82.2,2.65,3.49
1396,25.2.2013 17:00,7.95,72.6,3,3.92
1397,25.2.2013 17:10,7.89,73.2,2.96,3.85
1398,25.2.2013 17:20,7.94,67.1,2.87,3.65
1399,25.2.2013 17:30,7.9,66.3,3.08,3.72
1400,25.2.2013 17:40,8.01,66.4,3.18,4.01
1401,25.2.2013 17:50,8.06,70.4,2.87,3.78
1402,25.2.2013 18:00,8.12,67.9,2.91,4.18
1403,25.2.2013 18:10,8,77.7,2.88,4.05
1404,25.2.2013 18:20,8.08,73.8,2.92,4.01
1405,25.2.2013 18:30,8.04,72.2,2.74,3.82
1406,25.2.2013 18:40,8.03,77.8,2.64,3.92
1407,25.2.2013 18:50,8.08,77,2.43,3.36
1408,25.2.2013 19:00,8.04,75,2.42,3.23
1409,25.2.2013 19:10,8.16,83.5,2.77,4.01
1410,25.2.2013 19:20,8.13,65.4,2.48,3.07
1411,25.2.2013 19:30,8.1,68.5,2.78,3.62
1412,25.2.2013 19:40,8.05,71.7,2.7,3.16
1413,25.2.2013 19:50,7.88,75.3,2.61,3.23
1414,25.2.2013 20:00,7.46,83.6,2.49,3.29
1415,25.2.2013 20:10,7.87,62.9,2.54,3.16
1416,25.2.2013 20:20,7.74,64,2.59,3.13
1417,25.2.2013 20:30,7.36,67.5,2.74,3.82
1418,25.2.2013 20:40,7.69,72.5,3.03,3.88
1419,25.2.2013 20:50,7.86,66.3,2.69,3.59
1420,25.2.2013 21:00,8.01,69.9,2.36,3.2
1421,25.2.2013 21:10,7.94,79.7,2.56,3.52
1422,25.2.2013 21:20,7.78,68,2.68,3.56
1423,25.2.2013 21:30,7.85,67,2.7,3.78
1424,25.2.2013 21:40,7.87,65.3,2.8,3.43
1425,25.2.2013 21:50,8.06,73.3,2.53,3.69
1426,25.2.2013 22:00,8.12,73.5,2.75,3.62
1427,25.2.2013 22:10,8.11,67,3.08,3.92
1428,25.2.2013 22:20,8.05,75.7,3.08,3.98
1429,25.2.2013 22:30,7.95,73.1,2.64,3.36
1430,25.2.2013 22:40,8.08,71.2,3.01,3.88
1431,25.2.2013 22:50,8.12,71.8,2.66,3.95
1432,25.2.2013 23:00,8.14,69.2,3.4,4.76
1433,25.2.2013 23:10,8.19,69.6,2.61,4.21
1434,25.2.2013 23:20,8.19,70.5,3.13,3.95
1435,25.2.2013 23:30,8.33,68.4,3.07,4.27
1436,25.2.2013 23:40,8.2,70.1,2.67,3.75
1437,25.2.2013 23:50,8.17,76.2,2.6,3.43
1438,26.2.2013 00:00,8.2,70.1,2.62,3.65
1439,26.2.2013 00:10,8.19,67.5,2.64,3.29
1440,26.2.2013 00:20,8.3,78.2,2.67,3.49
1441,26.2.2013 00:30,8.28,84.8,2.4,3.52
1442,26.2.2013 00:40,8.25,80.1,2.29,3.1
1443,26.2.2013 00:50,8.34,70.1,2.58,3.69
1444,26.2.2013 01:00,8.23,71.6,3.09,4.14
1445,26.2.2013 01:10,8.46,66.9,2.8,4.01
1446,26.2.2013 01:20,8.43,74.8,2.47,3.52
1447,26.2.2013 01:30,8.19,83.7,2.28,3.46
1448,26.2.2013 01:40,8.23,74.1,2.25,3.26
1449,26.2.2013 01:50,8.36,67.5,2.47,3.65
1450,26.2.2013 02:00,8.36,72.2,2.97,4.21
1451,26.2.2013 02:10,8.22,72.7,2.94,4.27
1452,26.2.2013 02:20,8.19,71.3,2.57,3.39
1453,26.2.2013 02:30,8.16,73.4,2.32,3.03
1454,26.2.2013 02:40,8.23,66.6,2.61,3.43
1455,26.2.2013 02:50,8.21,70.7,2.73,3.46
1456,26.2.2013 03:00,8.25,67.4,3.02,3.95
1457,26.2.2013 03:10,8.32,74.1,2.49,3.56
1458,26.2.2013 03:20,8.17,87.5,1.87,2.9
1459,26.2.2013 03:30,8.23,85.7,2.18,3.13
1460,26.2.2013 03:40,8.14,106.3,2.25,3.16
1461,26.2.2013 03:50,8.12,114,2.62,3.78
1462,26.2.2013 04:00,8.2,114,3.08,4.76
1463,26.2.2013 04:10,8.27,116.7,3.62,5.74
1464,26.2.2013 04:20,8.37,124.1,3.77,5.58
1465,26.2.2013 04:30,8.24,125.9,3.71,5.32
1466,26.2.2013 04:40,8.16,126.3,3.75,5.45
1467,26.2.2013 04:50,8.12,127.8,3.79,5.61
1468,26.2.2013 05:00,8.32,140.6,3.79,5.61
1469,26.2.2013 05:10,8.25,144.7,3,5.25
1470,26.2.2013 05:20,8.23,147,3.75,5.81
1471,26.2.2013 05:30,8.2,140.3,4.04,6.07
1472,26.2.2013 05:40,8.14,138.4,3.51,5.35
1473,26.2.2013 05:50,8.11,140.9,3.38,5.22
1474,26.2.2013 06:00,8.03,138.4,3.36,4.96
1475,26.2.2013 06:10,7.95,136.2,3.18,4.6
1476,26.2.2013 06:20,7.88,137.1,3.09,5.09
1477,26.2.2013 06:30,7.8,133.8,3.23,4.99
1478,26.2.2013 06:40,7.86,131.5,3.23,5.12
1479,26.2.2013 06:50,7.79,128.5,3.14,4.8
1480,26.2.2013 07:00,7.77,123.2,2.96,4.63
1481,26.2.2013 07:10,7.85,128.7,3.56,5.68
1482,26.2.2013 07:20,7.98,127.3,3.96,5.81
1483,26.2.2013 07:30,7.92,125.5,3.75,5.74
1484,26.2.2013 07:40,7.93,116.7,3.72,4.96
1485,26.2.2013 07:50,8.05,123.4,4.39,7.15
1486,26.2.2013 08:00,7.99,124.3,4.89,7.18
1487,26.2.2013 08:10,8.03,121,4.94,7.74
1488,26.2.2013 08:20,7.99,123.3,4.53,6.46
1489,26.2.2013 08:30,7.85,127.2,5.04,8.72
1490,26.2.2013 08:40,7.83,128.4,4.56,6.95
1491,26.2.2013 08:50,7.81,128.7,4.62,6.76
1492,26.2.2013 09:00,7.75,128.8,4.64,6.59
1493,26.2.2013 09:10,7.86,130.7,5.22,8.43
1494,26.2.2013 09:20,7.81,130.1,5.4,7.7
1495,26.2.2013 09:30,7.8,128.4,5.14,7.02
1496,26.2.2013 09:40,7.81,129.9,5.42,7.15
1497,26.2.2013 09:50,7.84,130.4,5.29,8.56
1498,26.2.2013 10:00,7.74,129.8,5.4,7.97
1499,26.2.2013 10:10,7.77,129.2,5.23,7.7
1500,26.2.2013 10:20,7.76,127.4,5.49,7.97
1501,26.2.2013 10:30,7.77,131,5.16,7.84
1502,26.2.2013 10:40,7.78,132.5,5.36,8.43
1503,26.2.2013 10:50,7.73,132.3,4.87,6.92
1504,26.2.2013 11:00,7.83,133.8,5.44,9.51
1505,26.2.2013 11:10,7.81,138.6,5.2,7.9
1506,26.2.2013 11:20,7.82,140.1,5.37,8.13
1507,26.2.2013 11:30,7.82,141.8,5.17,7.67
1508,26.2.2013 11:40,7.77,144.9,5.08,7.64
1509,26.2.2013 11:50,7.74,151.7,5.14,9.6
1510,26.2.2013 12:00,7.67,154.3,4.38,7.93
1511,26.2.2013 12:10,7.74,161,3.91,7.54
1512,26.2.2013 12:20,7.96,174.2,4.28,8.95
1513,26.2.2013 12:30,7.98,193.1,6.58,10.52
1514,26.2.2013 12:40,7.44,217.9,5.08,10.75
1515,26.2.2013 12:50,7.31,214.4,2.59,4.9
1516,26.2.2013 13:00,7.22,203.4,1.77,2.97
1517,26.2.2013 13:10,7.26,223.2,4.72,7.97
1518,26.2.2013 13:20,7.22,223.4,4.23,6.4
1519,26.2.2013 13:30,7.39,211.1,3.27,5.03
1520,26.2.2013 13:40,7.4,194.8,3.03,4.99
1521,26.2.2013 13:50,7.27,211,3.15,7.08
1522,26.2.2013 14:00,7.35,227.2,4.1,6.37
1523,26.2.2013 14:10,7.47,232.2,4.64,6.89
1524,26.2.2013 14:20,7.55,226.7,4.9,9.31
1525,26.2.2013 14:30,8.29,228.1,6.09,8.75
1526,26.2.2013 14:40,8.1,232.4,5.97,8
1527,26.2.2013 14:50,7.96,227.5,4.85,7.15
1528,26.2.2013 15:00,7.7,218.6,5.2,7.44
1529,26.2.2013 15:10,7.24,213.7,5.06,7.12
1530,26.2.2013 15:20,7.35,215.4,3.55,6.79
1531,26.2.2013 15:30,7.49,213.1,4.53,6.95
1532,26.2.2013 15:40,7.48,217.4,4.48,7.21
1533,26.2.2013 15:50,7.46,221.3,4.68,6.89
1534,26.2.2013 16:00,7.43,211.8,3.99,6.27
1535,26.2.2013 16:10,7.4,197.6,3.79,6.4
1536,26.2.2013 16:20,7.46,193.6,3.79,5.97
1537,26.2.2013 16:30,7.42,192.5,4.34,6.59
1538,26.2.2013 16:40,7.42,186.9,4.09,6.37
1539,26.2.2013 16:50,7.42,190.7,4.67,6.79
1540,26.2.2013 17:00,7.3,177.2,4.35,6.99
1541,26.2.2013 17:10,7.26,173.1,4.41,7.08
1542,26.2.2013 17:20,7.22,168.9,4.93,8.49
1543,26.2.2013 17:30,4.55,203.8,5.21,10.94
1544,26.2.2013 17:40,4.98,235.5,4.39,6.82
1545,26.2.2013 17:50,5.29,216.4,3.3,5.61
1546,26.2.2013 18:00,5.62,215.7,4.09,7.54
1547,26.2.2013 18:10,5.42,211.7,4.04,6.33
1548,26.2.2013 18:20,5.12,204.3,2.29,4.63
1549,26.2.2013 18:30,4.86,184.6,1.19,2.64
1550,26.2.2013 18:40,4.8,117.1,0.86,1.92
1551,26.2.2013 18:50,4.94,62.1,1.1,2.09
1552,26.2.2013 19:00,5.01,141,0.99,2.35
1553,26.2.2013 19:10,5.19,159,1.52,3.75
1554,26.2.2013 19:20,5.23,161.4,1.49,3.39
1555,26.2.2013 19:30,5.33,161,0.77,2.12
1556,26.2.2013 19:40,5.32,161.6,0.57,1.43
1557,26.2.2013 19:50,5.49,157.9,1.31,3.29
1558,26.2.2013 20:00,5.59,162.2,1.85,3.29
1559,26.2.2013 20:10,5.6,156.3,2.32,3.78
1560,26.2.2013 20:20,5.58,166.5,2.34,4.08
1561,26.2.2013 20:30,5.62,169.3,2.39,4.14
1562,26.2.2013 20:40,5.42,159.1,1.82,3.2
1563,26.2.2013 20:50,5.39,147.2,1.09,2.48
1564,26.2.2013 21:00,5.43,121.9,0.78,1.96
1565,26.2.2013 21:10,5.26,165.9,2.19,4.5
1566,26.2.2013 21:20,4.94,186.8,2.6,5.91
1567,26.2.2013 21:30,4.78,178.1,1.28,3.07
1568,26.2.2013 21:40,4.7,133.2,0.42,1.56
1569,26.2.2013 21:50,4.51,60.2,2.29,3.2
1570,26.2.2013 22:00,4.82,62.8,1.79,3.07
1571,26.2.2013 22:10,5.26,141.2,2.32,4.47
1572,26.2.2013 22:20,5.33,150.1,3.43,5.16
1573,26.2.2013 22:30,5.27,153.6,2.03,4.99
1574,26.2.2013 22:40,5.13,156.9,1.63,3.07
1575,26.2.2013 22:50,5.18,138.4,1.85,3
1576,26.2.2013 23:00,4.98,146,0.56,1.79
1577,26.2.2013 23:10,5,206.7,1.02,2.67
1578,26.2.2013 23:20,5.27,186.7,2.25,3.46
1579,26.2.2013 23:30,5.24,159.7,1.87,3.72
1580,26.2.2013 23:40,5.41,153.2,3.14,5.16
1581,26.2.2013 23:50,4.86,198.2,4.59,9.24
1582,27.2.2013 00:00,4.42,205.8,3.36,7.77
1583,27.2.2013 00:10,4.29,264.2,0.6,1.86
1584,27.2.2013 00:20,4.49,31.2,1.01,1.89
1585,27.2.2013 00:30,4.67,64.6,2.4,3.98
1586,27.2.2013 00:40,5.23,45.8,2.26,3.95
1587,27.2.2013 00:50,5.53,129.9,2.9,4.99
1588,27.2.2013 01:00,5.78,174.6,3.71,9.02
1589,27.2.2013 01:10,5.39,229.7,4.65,7.35
1590,27.2.2013 01:20,5.15,254.8,2.19,4.41
1591,27.2.2013 01:30,5.05,322.5,0.51,1.37
1592,27.2.2013 01:40,4.74,52,1.43,1.86
1593,27.2.2013 01:50,4.88,62.8,2.43,3.75
1594,27.2.2013 02:00,5.33,98.8,3.79,5.03
1595,27.2.2013 02:10,5.15,156.5,3.96,9.24
1596,27.2.2013 02:20,4.71,245.8,3.84,8.72
1597,27.2.2013 02:30,4.66,279.6,0.99,3.98
1598,27.2.2013 02:40,4.49,65.1,0.65,1.96
1599,27.2.2013 02:50,4.33,75.7,1.73,2.41
1600,27.2.2013 03:00,4.42,75.8,1.9,3.52
1601,27.2.2013 03:10,4.59,80.9,2.4,3.36
1602,27.2.2013 03:20,4.47,73.6,2.3,2.9
1603,27.2.2013 03:30,4.5,44.1,2.02,2.74
1604,27.2.2013 03:40,5.06,42.4,1.71,3.07
1605,27.2.2013 03:50,4.92,66.1,2.22,3.23
1606,27.2.2013 04:00,4.81,60.6,2.07,3.13
1607,27.2.2013 04:10,4.71,63.4,2.52,3.2
1608,27.2.2013 04:20,4.83,59.4,2.71,4.05
1609,27.2.2013 04:30,5.3,92.7,1.65,3.52
1610,27.2.2013 04:40,5.39,190.3,1.34,4.41
1611,27.2.2013 04:50,5.51,209.8,0.85,2.31
1612,27.2.2013 05:00,5.33,196.8,2.16,3.72
1613,27.2.2013 05:10,5.39,199.3,1.32,3.33
1614,27.2.2013 05:20,5.43,208.8,2.86,4.76
1615,27.2.2013 05:30,5.23,227,1.22,2.58
1616,27.2.2013 05:40,5.21,228,0.79,2.31
1617,27.2.2013 05:50,5.14,208.7,1.3,2.51
1618,27.2.2013 06:00,5.01,207.9,0.97,1.96
1619,27.2.2013 06:10,4.89,181.7,0.86,2.67
1620,27.2.2013 06:20,4.91,208,2.36,4.11
1621,27.2.2013 06:30,4.85,206.4,2.15,3.59
1622,27.2.2013 06:40,4.76,171.2,1.48,2.45
1623,27.2.2013 06:50,4.7,188.5,2.03,3.26
1624,27.2.2013 07:00,4.6,178.1,1.78,2.74
1625,27.2.2013 07:10,4.46,145,1.75,2.64
1626,27.2.2013 07:20,4.21,144.5,1.75,2.41
1627,27.2.2013 07:30,4,155.8,0.43,1.47
1628,27.2.2013 07:40,3.99,35.6,0.02,0.42
1629,27.2.2013 07:50,4.04,20.9,0.02,0.39
1630,27.2.2013 08:00,4.01,53.4,0.27,0.58
1631,27.2.2013 08:10,3.99,55.6,0.61,1.56
1632,27.2.2013 08:20,3.99,71,1.2,1.66
1633,27.2.2013 08:30,3.92,60,1.43,2.15
1634,27.2.2013 08:40,4.03,91.2,1.61,2.28
1635,27.2.2013 08:50,4.01,67.8,0.96,2.02
1636,27.2.2013 09:00,4.13,51,1.8,2.38
1637,27.2.2013 09:10,4.21,65.2,2.2,2.74
1638,27.2.2013 09:20,4.11,86.8,1.88,2.77
1639,27.2.2013 09:30,4.25,82.1,1.75,2.64
1640,27.2.2013 09:40,4.29,93.9,1.34,2.09
1641,27.2.2013 09:50,4.4,55.5,1.96,2.67
1642,27.2.2013 10:00,4.66,116.2,0.78,2.09
1643,27.2.2013 10:10,4.82,138.4,1.81,3.39
1644,27.2.2013 10:20,4.91,145,1.82,3.56
1645,27.2.2013 10:30,5.1,117,2.01,3.95
1646,27.2.2013 10:40,5.13,152.1,2.22,3.85
1647,27.2.2013 10:50,5.11,135.8,2.93,4.67
1648,27.2.2013 11:00,5.22,178.7,2.04,3.88
1649,27.2.2013 11:10,5.24,190.4,1.09,3.26
1650,27.2.2013 11:20,5.31,211.4,1.71,3.49
1651,27.2.2013 11:30,5.46,235.8,2.75,4.37
1652,27.2.2013 11:40,5.58,237.6,2.79,6.2
1653,27.2.2013 11:50,5.71,237.8,4.3,5.94
1654,27.2.2013 12:00,5.91,243.5,3.9,6.07
1655,27.2.2013 12:10,6.55,236.5,4.68,7.54
1656,27.2.2013 12:20,6.09,240.2,5.23,7.87
1657,27.2.2013 12:30,5.83,230.3,4.17,7.08
1658,27.2.2013 12:40,5.87,224.3,3.01,4.54
1659,27.2.2013 12:50,5.92,236,5.73,8.75
1660,27.2.2013 13:00,5.76,236.8,5,7.48
1661,27.2.2013 13:10,6.01,231.4,3.92,5.84
1662,27.2.2013 13:20,6.24,234.2,1.97,4.37
1663,27.2.2013 13:30,6.46,230.7,1.26,2.58
1664,27.2.2013 13:40,6.33,236.3,3.45,5.81
1665,27.2.2013 13:50,6.66,234.4,5.94,10.19
1666,27.2.2013 14:00,6.65,229.6,7,9.96
1667,27.2.2013 14:10,6.67,238.5,7.59,9.93
1668,27.2.2013 14:20,6.7,237.4,6.58,10.09
1669,27.2.2013 14:30,6.73,227.4,6.31,9.9
1670,27.2.2013 14:40,6.57,231.3,6.77,10.78
1671,27.2.2013 14:50,6.36,231.8,7.48,10.52
1672,27.2.2013 15:00,6.15,232.8,7.84,11.43
1673,27.2.2013 15:10,6.04,235.1,8.02,11.76
1674,27.2.2013 15:20,6.05,237.1,7.62,11.07
1675,27.2.2013 15:30,5.96,237.8,7.89,10.85
1676,27.2.2013 15:40,5.93,239.7,7.73,11.27
1677,27.2.2013 15:50,5.84,236.1,7.17,9.57
1678,27.2.2013 16:00,5.67,229,6.95,10.29
1679,27.2.2013 16:10,5.59,235.7,6.38,9.64
1680,27.2.2013 16:20,5.92,233.3,6.5,9.47
1681,27.2.2013 16:30,5.94,234.6,7.11,9.7
1682,27.2.2013 16:40,5.82,238.8,8.13,11.2
1683,27.2.2013 16:50,5.74,240.9,7.5,9.96
1684,27.2.2013 17:00,5.64,236.4,6.97,9.77
1685,27.2.2013 17:10,5.56,228.5,6.63,8.92
1686,27.2.2013 17:20,5.29,215.5,5.79,7.84
1687,27.2.2013 17:30,5.27,217.7,5.05,7.48
1688,27.2.2013 17:40,5.24,229.1,5.11,7.44
1689,27.2.2013 17:50,5.18,236.9,4.55,6.23
1690,27.2.2013 18:00,5.11,255,3.51,5.94
1691,27.2.2013 18:10,5.22,263.8,3.03,7.28
1692,27.2.2013 18:20,5.07,251.7,4.02,7.48
1693,27.2.2013 18:30,5.09,246.3,5.84,8.43
1694,27.2.2013 18:40,4.85,250.4,4.67,6.59
1695,27.2.2013 18:50,4.67,259.3,3.87,6.14
1696,27.2.2013 19:00,4.46,254.4,3.62,5.48
1697,27.2.2013 19:10,4.07,244.7,3.88,5.52
1698,27.2.2013 19:20,3.92,244.3,4.91,8.85
1699,27.2.2013 19:30,3.92,243.2,4.78,7.18
1700,27.2.2013 19:40,4.29,247,3.64,5.16
1701,27.2.2013 19:50,4.45,261.8,4.14,7.38
1702,27.2.2013 20:00,4.41,280.3,3.74,6.17
1703,27.2.2013 20:10,4.16,249.4,3.1,5.58
1704,27.2.2013 20:20,3.78,198.8,2.32,3.72
1705,27.2.2013 20:30,3.87,226.2,1.48,3.07
1706,27.2.2013 20:40,3.59,45,1.27,2.41
1707,27.2.2013 20:50,3.73,33.4,1.34,2.22
1708,27.2.2013 21:00,3.67,63,1.17,1.79
1709,27.2.2013 21:10,3.47,165.3,0.27,0.84
1710,27.2.2013 21:20,3.47,342.2,1.04,1.66
1711,27.2.2013 21:30,3.21,236.4,0.45,1.43
1712,27.2.2013 21:40,3.44,17.1,0.72,1.47
1713,27.2.2013 21:50,3.48,305.7,1.26,3
1714,27.2.2013 22:00,4.73,281.2,4.56,8.4
1715,27.2.2013 22:10,4.15,283.6,6.18,11.17
1716,27.2.2013 22:20,4.18,288,6.34,10.45
1717,27.2.2013 22:30,3.87,288.3,6.03,8.85
1718,27.2.2013 22:40,3.93,285.3,5.36,9.9
1719,27.2.2013 22:50,4.04,295.9,2.13,5.97
1720,27.2.2013 23:00,3.79,264.5,0.82,2.64
1721,27.2.2013 23:10,3.07,234.9,1.97,3.1
1722,27.2.2013 23:20,2.93,272.8,1.79,3.2
1723,27.2.2013 23:30,3.42,297.1,2.73,4.47
1724,27.2.2013 23:40,3.61,320.2,2.9,4.31
1725,27.2.2013 23:50,3.35,305.7,1.94,3.88
1726,28.2.2013 00:00,3.61,319.4,3.13,5.35
1727,28.2.2013 00:10,3.4,314.3,2.32,4.01
1728,28.2.2013 00:20,3.84,311.3,2.73,5.48
1729,28.2.2013 00:30,3.76,328.6,3.36,6.17
1730,28.2.2013 00:40,3.22,308.9,1.27,3.2
1731,28.2.2013 00:50,3.23,335.8,1.78,4.08
1732,28.2.2013 01:00,3.94,340.6,3.59,6.43
1733,28.2.2013 01:10,4.13,345.6,3.09,5.71
1734,28.2.2013 01:20,2.54,299.5,1.65,3.2
1735,28.2.2013 01:30,2.9,291.4,1.08,3
1736,28.2.2013 01:40,2.09,284.9,2.27,3.69
1737,28.2.2013 01:50,3.04,315,3.61,5.19
1738,28.2.2013 02:00,4.68,10.2,2.73,5.06
1739,28.2.2013 02:10,4.62,16.5,3.03,7.21
1740,28.2.2013 02:20,4.29,358.3,1.51,3.29
1741,28.2.2013 02:30,4.01,305.6,3.21,5.09
1742,28.2.2013 02:40,2.05,236.7,2.71,3.85
1743,28.2.2013 02:50,1.59,253.7,2.78,4.54
1744,28.2.2013 03:00,1.97,288.8,1.52,3.56
1745,28.2.2013 03:10,1.28,216.5,1.2,2.74
1746,28.2.2013 03:20,1.78,356.6,1.89,3.03
1747,28.2.2013 03:30,2.21,43.7,2.19,3.26
1748,28.2.2013 03:40,1.2,78.4,4.21,5.39
1749,28.2.2013 03:50,2.18,45.1,3.39,4.54
1750,28.2.2013 04:00,1.78,50.6,3.12,3.98
1751,28.2.2013 04:10,1.69,27.9,1.62,2.71
1752,28.2.2013 04:20,0.42,192.9,1.11,2.02
1753,28.2.2013 04:30,1.6,108.5,3.12,6.27
1754,28.2.2013 04:40,0.71,70.7,0.55,1.63
1755,28.2.2013 04:50,0.67,65.3,1.5,2.48
1756,28.2.2013 05:00,1.61,46.7,2.11,3.39
1757,28.2.2013 05:10,0.37,71.8,2.8,4.31
1758,28.2.2013 05:20,1.32,72.4,2.61,4.21
1759,28.2.2013 05:30,1.49,81.7,3.14,4.63
1760,28.2.2013 05:40,0.45,94.8,3.1,4.54
1761,28.2.2013 05:50,0.16,53.6,2.25,3.2
1762,28.2.2013 06:00,-0.36,44.7,1.04,2.35
1763,28.2.2013 06:10,-0.63,121.3,0.76,2.22
1764,28.2.2013 06:20,-0.19,303.8,1.23,2.58
1765,28.2.2013 06:30,0.23,305.2,1.44,2.48
1766,28.2.2013 06:40,0.43,296.4,0.79,2.77
1767,28.2.2013 06:50,-0.15,25.1,0.58,1.4
1768,28.2.2013 07:00,0.17,344.9,1.79,2.94
1769,28.2.2013 07:10,-0.73,142.2,2.45,4.27
1770,28.2.2013 07:20,-0.78,44.5,0.69,2.09
1771,28.2.2013 07:30,-1.43,40.9,0.83,1.79
1772,28.2.2013 07:40,-1.28,38.8,1.24,1.89
1773,28.2.2013 07:50,-1.64,343.8,1.24,2.12
1774,28.2.2013 08:00,-1.55,142.2,1.29,6.4
1775,28.2.2013 08:10,-0.02,297.3,1.92,4.5
1776,28.2.2013 08:20,-0.82,80,0.78,2.97
1777,28.2.2013 08:30,-1.12,78.1,2.44,3.72
1778,28.2.2013 08:40,-0.73,73.8,2.97,4.5
1779,28.2.2013 08:50,-0.28,54.3,2.41,3.26
1780,28.2.2013 09:00,0,61.9,2.46,3.36
1781,28.2.2013 09:10,-0.13,81.4,1.65,2.54
1782,28.2.2013 09:20,-0.32,110.5,0.65,1.3
1783,28.2.2013 09:30,0.49,115.2,0.86,1.73
1784,28.2.2013 09:40,0.32,104,0.67,1.5
1785,28.2.2013 09:50,0.92,62.5,1.8,2.22
1786,28.2.2013 10:00,1.8,62.9,2.58,3.36
1787,28.2.2013 10:10,1.95,72.4,3.79,4.31
1788,28.2.2013 10:20,2.98,76.1,3.65,5.03
1789,28.2.2013 10:30,4.31,70.7,3.77,5.06
1790,28.2.2013 10:40,5.25,69.7,2.62,4.08
1791,28.2.2013 10:50,4.69,81.5,2.23,3.07
1792,28.2.2013 11:00,4.74,76.4,2.46,4.11
1793,28.2.2013 11:10,5.45,64.8,2.81,3.85
1794,28.2.2013 11:20,5.54,78.8,2.58,3.36
1795,28.2.2013 11:30,5.25,86.6,1.81,2.41
1796,28.2.2013 11:40,5.56,93.1,1.99,2.8
1797,28.2.2013 11:50,6.11,110.2,1.72,2.54
1798,28.2.2013 12:00,6.08,194.3,1.4,2.35
1799,28.2.2013 12:10,6.51,260.3,2.17,3.56
1800,28.2.2013 12:20,5.73,280.2,2.97,4.41
1801,28.2.2013 12:30,6.01,286.3,4.44,6.56
1802,28.2.2013 12:40,5.77,290.3,5.16,6.69
1803,28.2.2013 12:50,5.97,296.5,4.86,6.82
1804,28.2.2013 13:00,5.76,300.3,5.14,7.08
1805,28.2.2013 13:10,5.45,298.7,4.83,7.38
1806,28.2.2013 13:20,5.66,301.6,4.85,7.9
1807,28.2.2013 13:30,5.52,309.5,5.23,7.44
1808,28.2.2013 13:40,6.02,309.1,5.09,6.89
1809,28.2.2013 13:50,6.29,308.9,4.62,7.08
1810,28.2.2013 14:00,6.74,315.2,3.35,6.2
1811,28.2.2013 14:10,6.17,305,4.01,5.65
1812,28.2.2013 14:20,6.39,302.5,2.1,4.05
1813,28.2.2013 14:30,6.39,304,1.62,3.33
1814,28.2.2013 14:40,6.2,79.2,1.66,3.03
1815,28.2.2013 14:50,6.35,72.8,1.92,2.58
1816,28.2.2013 15:00,6.7,94.9,0.77,1.86
1817,28.2.2013 15:10,6.63,60.3,0.56,1.2
1818,28.2.2013 15:20,6.47,280.1,1.02,2.54
1819,28.2.2013 15:30,5.89,67.7,2.29,3.16
1820,28.2.2013 15:40,5.93,66.7,1.65,2.25
1821,28.2.2013 15:50,6.08,68.6,1.46,1.92
1822,28.2.2013 16:00,5.98,67.7,1.68,2.28
1823,28.2.2013 16:10,6.03,75.7,1.65,2.41
1824,28.2.2013 16:20,5.86,70.3,1.84,2.54
1825,28.2.2013 16:30,5.43,59.2,2.72,3.33
1826,28.2.2013 16:40,5.86,59.8,2.35,3.36
1827,28.2.2013 16:50,5.74,58.4,2.71,3.78
1828,28.2.2013 17:00,5.68,57.2,1.71,2.64
1829,28.2.2013 17:10,5.61,60.5,2.27,2.94
1830,28.2.2013 17:20,5.46,51.7,2.72,3.56
1831,28.2.2013 17:30,5.25,59.4,2.85,4.05
1832,28.2.2013 17:40,5.09,60.8,2.39,3.13
1833,28.2.2013 17:50,4.97,66.6,2.47,3.23
1834,28.2.2013 18:00,4.85,74.6,2.36,3.03
1835,28.2.2013 18:10,4.68,82.1,2.06,2.77
1836,28.2.2013 18:20,4.62,86.1,1.78,2.77
1837,28.2.2013 18:30,4.52,88.9,1.31,1.96
1838,28.2.2013 18:40,4.29,74,0.78,1.6
1839,28.2.2013 18:50,4.28,46.8,1.04,1.56
1840,28.2.2013 19:00,3.94,67.2,1.49,1.69
1841,28.2.2013 19:10,3.96,36.9,0.98,1.66
1842,28.2.2013 19:20,3.55,18.9,0.09,0.45
1843,28.2.2013 19:30,3.63,291.5,0.44,2.22
1844,28.2.2013 19:40,3.91,265.3,0.61,1.66
1845,28.2.2013 19:50,4.19,283.9,1.76,3.82
1846,28.2.2013 20:00,4.22,290.6,2.14,3.98
1847,28.2.2013 20:10,4.25,305.7,2.23,3.78
1848,28.2.2013 20:20,4.29,300.7,2.21,3.26
1849,28.2.2013 20:30,4.25,307.1,1.72,2.41
1850,28.2.2013 20:40,4.27,319.5,1.42,2.58
1851,28.2.2013 20:50,4.24,330.3,1.53,2.48
1852,28.2.2013 21:00,4.16,347.2,1.01,1.92
1853,28.2.2013 21:10,4.11,3.4,1.49,2.38
1854,28.2.2013 21:20,4.11,10.6,2.01,2.94
1855,28.2.2013 21:30,4.12,8.7,2.2,2.87
1856,28.2.2013 21:40,4.09,14.7,2.48,3.13
1857,28.2.2013 21:50,4.03,17.5,2.2,3
1858,28.2.2013 22:00,3.79,39.5,1.68,2.31
1859,28.2.2013 22:10,3.47,56.2,1.54,2.38
1860,28.2.2013 22:20,3.56,358.4,0.59,2.05
1861,28.2.2013 22:30,3.77,333.5,1.44,2.02
1862,28.2.2013 22:40,3.74,323.2,0.92,1.56
1863,28.2.2013 22:50,3.64,265.4,0.61,1.27
1864,28.2.2013 23:00,3.54,258.8,0.69,1.33
1865,28.2.2013 23:10,3.44,86.7,0.32,0.98
1866,28.2.2013 23:20,3.14,81.7,1.44,2.45
1867,28.2.2013 23:30,2.94,49.5,1.1,1.76
1868,28.2.2013 23:40,2.85,293.7,0.25,0.75
1869,28.2.2013 23:50,2.76,235.6,0.76,1.56
1870,1.3.2013 00:00,2.82,240.6,0.5,1.56
1871,1.3.2013 00:10,2.85,84.4,0.93,2.05
1872,1.3.2013 00:20,2.94,62.4,0.51,1.07
1873,1.3.2013 00:30,3.2,44.5,1.03,1.73
1874,1.3.2013 00:40,3.65,18.6,0.89,1.73
1875,1.3.2013 00:50,3.34,194.9,0.41,1.04
1876,1.3.2013 01:00,3.43,308.2,0.51,1.47
1877,1.3.2013 01:10,3.47,86.2,0.53,1.76
1878,1.3.2013 01:20,3.44,72.5,1.49,1.96
1879,1.3.2013 01:30,3.48,66.1,1.71,2.15
1880,1.3.2013 01:40,3.56,51.1,1.27,2.25
1881,1.3.2013 01:50,3.66,47.5,0.94,1.53
1882,1.3.2013 02:00,3.74,275.9,1.21,2.64
1883,1.3.2013 02:10,4.13,46.3,0.49,1.47
1884,1.3.2013 02:20,4.79,49,1.74,2.35
1885,1.3.2013 02:30,3.85,112.7,1.39,2.51
1886,1.3.2013 02:40,3.78,72.8,1.1,1.56
1887,1.3.2013 02:50,3.8,0.2,0.39,1.24
1888,1.3.2013 03:00,4.57,61.8,1.35,2.9
1889,1.3.2013 03:10,4.66,64.9,1.04,2.58
1890,1.3.2013 03:20,5.03,60.1,2.71,3.92
1891,1.3.2013 03:30,5.37,60.3,3.31,4.9
1892,1.3.2013 03:40,5.55,60.5,2.78,3.82
1893,1.3.2013 03:50,5.47,73.7,2.52,3.88
1894,1.3.2013 04:00,5.49,71.6,2.75,3.59
1895,1.3.2013 04:10,5.69,68.2,2.12,2.87
1896,1.3.2013 04:20,5.42,76.5,2.06,2.9
1897,1.3.2013 04:30,5.49,69.8,2.13,2.77
1898,1.3.2013 04:40,5.64,61.2,1.95,2.87
1899,1.3.2013 04:50,5.89,81.5,2.07,3.16
1900,1.3.2013 05:00,5.73,76.7,1.54,2.77
1901,1.3.2013 05:10,5.75,78.4,2.29,4.08
1902,1.3.2013 05:20,5.87,64.9,1.66,3.65
1903,1.3.2013 05:30,6.06,33.5,1.29,2.18
1904,1.3.2013 05:40,6.18,312.9,1.56,3.23
1905,1.3.2013 05:50,5.85,51.7,0.79,1.73
1906,1.3.2013 06:00,5.74,260,0.05,0.75
1907,1.3.2013 06:10,5.59,231.2,0.61,1.04
1908,1.3.2013 06:20,5.47,216.6,0.08,0.55
1909,1.3.2013 06:30,5.28,253.9,0.1,0.71
1910,1.3.2013 06:40,5.02,88.5,0.46,0.88
1911,1.3.2013 06:50,5.06,213.7,0.12,0.55
1912,1.3.2013 07:00,5.14,269.7,0.14,0.55
1913,1.3.2013 07:10,4.86,207,0.02,0.39
1914,1.3.2013 07:20,5.06,0,0,0
1915,1.3.2013 07:30,4.98,51.4,0.51,1.89
1916,1.3.2013 07:40,5.1,43.4,0.24,0.71
1917,1.3.2013 07:50,5.34,262.3,0.55,1.86
1918,1.3.2013 08:00,5.57,269.1,1.22,2.15
1919,1.3.2013 08:10,6.01,299.7,1.83,2.54
1920,1.3.2013 08:20,6.26,320.3,2.2,2.9
1921,1.3.2013 08:30,6.53,324.6,1.86,2.48
1922,1.3.2013 08:40,5.96,285.6,0.99,1.82
1923,1.3.2013 08:50,5.83,272.6,0.55,1.27
1924,1.3.2013 09:00,5.27,67.6,1.72,2.35
1925,1.3.2013 09:10,5.2,66.4,1.67,2.12
1926,1.3.2013 09:20,5.18,79.2,0.92,1.63
1927,1.3.2013 09:30,5.39,43.7,0.56,1.14
1928,1.3.2013 09:40,5.74,16.5,0.68,1.5
1929,1.3.2013 09:50,6.04,270.3,0.61,1.37
1930,1.3.2013 10:00,5.95,251.8,0.79,1.43
1931,1.3.2013 10:10,6.26,235.3,0.66,1.4
1932,1.3.2013 10:20,6.56,258.6,0.63,1.11
1933,1.3.2013 10:30,6.95,275.1,0.26,0.68
1934,1.3.2013 10:40,7.53,341.3,0.04,0.39
1935,1.3.2013 10:50,8.42,90.8,0.15,0.78
1936,1.3.2013 11:00,8.59,91.1,0.81,1.99
1937,1.3.2013 11:10,8.17,85,1.12,2.51
1938,1.3.2013 11:20,8.89,116.3,0.39,0.98
1939,1.3.2013 11:30,8.51,154.7,0.69,1.82
1940,1.3.2013 11:40,8.11,216.7,1.87,2.84
1941,1.3.2013 11:50,7.87,201.8,1.34,2.48
1942,1.3.2013 12:00,7.82,203.9,2.11,2.87
1943,1.3.2013 12:10,8.02,190.7,2.01,3.16
1944,1.3.2013 12:20,7.85,204.8,1.88,3.16
1945,1.3.2013 12:30,7.75,202.7,1.74,2.87
1946,1.3.2013 12:40,7.68,187.5,1.91,2.9
1947,1.3.2013 12:50,7.59,209.4,1.4,2.41
1948,1.3.2013 13:00,7.63,181.5,0.73,1.82
1949,1.3.2013 13:10,7.77,215.3,0.95,2.77
1950,1.3.2013 13:20,7.8,241.9,2.34,3.72
1951,1.3.2013 13:30,7.89,233.8,2.32,4.11
1952,1.3.2013 13:40,7.93,249.6,1.96,3.43
1953,1.3.2013 13:50,7.96,245.7,1.76,3.13
1954,1.3.2013 14:00,7.87,243.7,1.7,3.52
1955,1.3.2013 14:10,7.97,234.2,1.03,2.64
1956,1.3.2013 14:20,8.02,150.3,0.37,1.01
1957,1.3.2013 14:30,7.79,54.6,1.45,2.41
1958,1.3.2013 14:40,7.74,100.5,2,3.13
1959,1.3.2013 14:50,7.76,95.2,1.25,2.18
1960,1.3.2013 15:00,7.75,59.3,2.08,3.23
1961,1.3.2013 15:10,8.22,56.9,2.49,4.54
1962,1.3.2013 15:20,8.24,214,2.43,5.06
1963,1.3.2013 15:30,8.23,234.2,1.03,2.45
1964,1.3.2013 15:40,8.39,320.3,0.36,1.01
1965,1.3.2013 15:50,8.47,310.1,1.22,2.8
1966,1.3.2013 16:00,8.66,272.3,1.2,2.22
1967,1.3.2013 16:10,8.79,269.5,2.6,5.19
1968,1.3.2013 16:20,8.84,270.9,1.94,4.14
1969,1.3.2013 16:30,9.43,268.6,3.46,6.33
1970,1.3.2013 16:40,9.64,275.3,3.55,6.04
1971,1.3.2013 16:50,8.78,265,2.37,5.16
1972,1.3.2013 17:00,8.16,262.7,3,5.06
1973,1.3.2013 17:10,7.85,249.9,2.54,4.76
1974,1.3.2013 17:20,7.52,235.4,3.48,5.12
1975,1.3.2013 17:30,7.48,238.6,2.39,4.54
1976,1.3.2013 17:40,7.49,261.1,1.43,3.72
1977,1.3.2013 17:50,7.58,275,1.33,3.75
1978,1.3.2013 18:00,7.41,274.2,3.04,5.94
1979,1.3.2013 18:10,7.15,281.1,2.7,5.29
1980,1.3.2013 18:20,7.02,275,4.1,6.99
1981,1.3.2013 18:30,6.86,272.9,5.75,10.91
1982,1.3.2013 18:40,7.8,281.1,8.19,13.49
1983,1.3.2013 18:50,7.32,278.2,8.83,12.9
1984,1.3.2013 19:00,7.19,274.2,8.02,13.98
1985,1.3.2013 19:10,7.59,278.7,8.87,15.39
1986,1.3.2013 19:20,7.49,287.1,8.49,12.77
1987,1.3.2013 19:30,7.19,281,11.08,19.37
1988,1.3.2013 19:40,6.81,284.3,9.01,16.04
1989,1.3.2013 19:50,6.4,296.9,7.51,13.43
1990,1.3.2013 20:00,6.43,297.9,4.75,9.05
1991,1.3.2013 20:10,6.34,291.9,6.78,13.03
1992,1.3.2013 20:20,6.03,294.1,6.55,11.83
1993,1.3.2013 20:30,6.15,306.3,6.32,11.96
1994,1.3.2013 20:40,5.81,314.6,2.72,6.01
1995,1.3.2013 20:50,5.9,299.2,2.3,4.44
1996,1.3.2013 21:00,5.96,320.9,3.67,8.92
1997,1.3.2013 21:10,5.34,268.8,1.38,4.11
1998,1.3.2013 21:20,4.83,244.3,1.53,5.74
1999,1.3.2013 21:30,5.55,309.1,2.8,6.79
2000,1.3.2013 21:40,4.76,306.1,3.78,8.1
2001,1.3.2013 21:50,4.51,299.6,2.75,4.01
2002,1.3.2013 22:00,4.12,297.9,2.34,5.39
2003,1.3.2013 22:10,4.36,310.4,1.8,3.98
2004,1.3.2013 22:20,5.87,317.8,4.22,8.1
2005,1.3.2013 22:30,5.93,331.3,3.95,9.57
2006,1.3.2013 22:40,5.51,306.4,4.8,10.39
 ,,,,,
